{
  "type": "FeatureCollection",
  "features": [
    {
      "type": "Feature",
      "properties": {
        "Id": "46",
        "Burg": "Guild",
        "Population": 79193,
        "type": "city",
        "tech": "industrial",
        "endowments": {
          "food": 138,
          "wood": 138,
          "stone": 74,
          "tools": 104,
          "fish": 328
        },
        "Coastal": true,
        "Mountainous": false,
        "capital": false,
        "port": true,
        "citadel": true,
        "walls": true,
        "plaza": true,
        "temple": true,
        "shanty_town": true,
        "elevation": 25,
        "valley": "Dusk",
        "founded_in": 50,
        "building_count": 11622,
        "district_count": 9,
        "districts": [
          {
            "name": "Stone Hall",
            "building_count": 2128
          },
          {
            "name": "The Docks",
            "building_count": 153
          },
          {
            "name": "Castle",
            "building_count": 1
          },
          {
            "name": "Old Edge",
            "building_count": 46
          },
          {
            "name": "Blackfall Bridge",
            "building_count": 352
          },
          {
            "name": "Downtide Gate",
            "building_count": 2385
          },
          {
            "name": "West Slums",
            "building_count": 1278
          },
          {
            "name": "Ember Gate",
            "building_count": 2398
          },
          {
            "name": "Timber Forge",
            "building_count": 2879
          }
        ]
      },
      "geometry": {
        "type": "Point",
        "coordinates": [
          115.62,
          -5.45
        ]
      }
    },
    {
      "type": "Feature",
      "properties": {
        "Id": "81",
        "Burg": "Mahyapak",
        "Population": 71912,
        "type": "city",
        "tech": "industrial",
        "endowments": {
          "food": 202,
          "wood": 66,
          "stone": 82,
          "tools": 48,
          "fish": 235
        },
        "Coastal": true,
        "Mountainous": false,
        "capital": false,
        "port": true,
        "citadel": true,
        "walls": true,
        "plaza": true,
        "temple": true,
        "shanty_town": true,
        "elevation": 4,
        "valley": "Dusk",
        "founded_in": 71,
        "building_count": 11935,
        "district_count": 11,
        "districts": [
          {
            "name": "Fenheart Town",
            "building_count": 421
          },
          {
            "name": "Cherry Fair",
            "building_count": 494
          },
          {
            "name": "Starfire Side",
            "building_count": 1237
          },
          {
            "name": "Ashgate",
            "building_count": 668
          },
          {
            "name": "Stonebridge",
            "building_count": 330
          },
          {
            "name": "Cattle Side",
            "building_count": 1802
          },
          {
            "name": "Eggbridge",
            "building_count": 162
          },
          {
            "name": "Frostlight Gate",
            "building_count": 653
          },
          {
            "name": "Citadel",
            "building_count": 1
          },
          {
            "name": "North Mahyapak",
            "building_count": 3417
          },
          {
            "name": "Silver Court",
            "building_count": 2712
          }
        ]
      },
      "geometry": {
        "type": "Point",
        "coordinates": [
          106.54,
          -25.69
        ]
      }
    },
    {
      "type": "Feature",
      "properties": {
        "Id": "27",
        "Burg": "Chingsan",
        "Population": 57543,
        "type": "city",
        "tech": "industrial",
        "endowments": {
          "food": 138,
          "wood": 146,
          "stone": 118,
          "tools": 55,
          "fish": 420
        },
        "Coastal": true,
        "Mountainous": false,
        "capital": false,
        "port": true,
        "citadel": true,
        "walls": true,
        "plaza": true,
        "temple": true,
        "shanty_town": true,
        "elevation": 4,
        "valley": "Dawn",
        "founded_in": 195,
        "building_count": 6156,
        "district_count": 10,
        "districts": [
          {
            "name": "Old Chingsan",
            "building_count": 180
          },
          {
            "name": "Fenkey Streets",
            "building_count": 412
          },
          {
            "name": "Military Ward",
            "building_count": 42
          },
          {
            "name": "New Market",
            "building_count": 639
          },
          {
            "name": "Stormway Brook",
            "building_count": 110
          },
          {
            "name": "Western Docks",
            "building_count": 163
          },
          {
            "name": "Southern Hook",
            "building_count": 599
          },
          {
            "name": "Blackgate",
            "building_count": 2821
          },
          {
            "name": "Cattle Docks",
            "building_count": 236
          },
          {
            "name": "New Chingsan",
            "building_count": 952
          }
        ]
      },
      "geometry": {
        "type": "Point",
        "coordinates": [
          -58.75,
          -33.93
        ]
      }
    },
    {
      "type": "Feature",
      "properties": {
        "Id": "108",
        "Burg": "Pranos",
        "Population": 56744,
        "type": "city",
        "tech": "industrial",
        "endowments": {
          "food": 192,
          "wood": 114,
          "stone": 54,
          "tools": 66
        },
        "Coastal": false,
        "Mountainous": false,
        "capital": false,
        "port": false,
        "citadel": true,
        "walls": true,
        "plaza": true,
        "temple": true,
        "shanty_town": true,
        "elevation": 25,
        "valley": "Dawn",
        "founded_in": 195,
        "building_count": 5947,
        "district_count": 11,
        "districts": [
          {
            "name": "Old Pranos",
            "building_count": 1353
          },
          {
            "name": "Nightbridge",
            "building_count": 318
          },
          {
            "name": "Castle District",
            "building_count": 294
          },
          {
            "name": "Elmgate",
            "building_count": 847
          },
          {
            "name": "New Ridge",
            "building_count": 32
          },
          {
            "name": "Everkey Bridge",
            "building_count": 517
          },
          {
            "name": "Darkbark Star",
            "building_count": 777
          },
          {
            "name": "Freegate",
            "building_count": 659
          },
          {
            "name": "East Pranos",
            "building_count": 296
          },
          {
            "name": "East Slums",
            "building_count": 621
          },
          {
            "name": "New Wall",
            "building_count": 218
          }
        ]
      },
      "geometry": {
        "type": "Point",
        "coordinates": [
          -53.61,
          50.46
        ]
      }
    },
    {
      "type": "Feature",
      "properties": {
        "Id": "61",
        "Burg": "Jeong",
        "Population": 50393,
        "type": "city",
        "tech": "industrial",
        "endowments": {
          "food": 108,
          "wood": 86,
          "stone": 90,
          "tools": 41
        },
        "Coastal": false,
        "Mountainous": false,
        "capital": false,
        "port": false,
        "citadel": true,
        "walls": true,
        "plaza": true,
        "temple": true,
        "shanty_town": true,
        "elevation": 4,
        "valley": "Dusk",
        "founded_in": 31,
        "building_count": 7069,
        "district_count": 10,
        "districts": [
          {
            "name": "Great Market",
            "building_count": 1359
          },
          {
            "name": "Black Tower",
            "building_count": 554
          },
          {
            "name": "Middlegate",
            "building_count": 282
          },
          {
            "name": "Twin Rocks",
            "building_count": 834
          },
          {
            "name": "Purple Side",
            "building_count": 773
          },
          {
            "name": "Dark Road",
            "building_count": 860
          },
          {
            "name": "Citadel",
            "building_count": 1
          },
          {
            "name": "Bright Crown",
            "building_count": 280
          },
          {
            "name": "Eastern Jeong",
            "building_count": 473
          },
          {
            "name": "Underchurch Road",
            "building_count": 1645
          }
        ]
      },
      "geometry": {
        "type": "Point",
        "coordinates": [
          108.27,
          8.52
        ]
      }
    },
    {
      "type": "Feature",
      "properties": {
        "Id": "101",
        "Burg": "Palwede",
        "Population": 47137,
        "type": "city",
        "tech": "industrial",
        "endowments": {
          "food": 156,
          "wood": 70,
          "stone": 104,
          "luxury_goods": 46,
          "fish": 238
        },
        "Coastal": true,
        "Mountainous": false,
        "capital": false,
        "port": true,
        "citadel": true,
        "walls": true,
        "plaza": true,
        "temple": true,
        "shanty_town": true,
        "elevation": 25,
        "valley": "Night",
        "founded_in": 127,
        "building_count": 5471,
        "district_count": 11,
        "districts": [
          {
            "name": "Pearl Knot",
            "building_count": 1729
          },
          {
            "name": "Bluegate",
            "building_count": 258
          },
          {
            "name": "Oak Gate",
            "building_count": 212
          },
          {
            "name": "Redwell Road",
            "building_count": 555
          },
          {
            "name": "The Docks",
            "building_count": 332
          },
          {
            "name": "Castle",
            "building_count": 1
          },
          {
            "name": "Light Courts Ward",
            "building_count": 117
          },
          {
            "name": "Deep Borough",
            "building_count": 453
          },
          {
            "name": "Southern Slums",
            "building_count": 399
          },
          {
            "name": "Milk District",
            "building_count": 425
          },
          {
            "name": "Rose Lodge",
            "building_count": 982
          }
        ]
      },
      "geometry": {
        "type": "Point",
        "coordinates": [
          51.35,
          84.07
        ]
      }
    },
    {
      "type": "Feature",
      "properties": {
        "Id": "140",
        "Burg": "Zadardelen",
        "Population": 44324,
        "type": "city",
        "tech": "industrial",
        "endowments": {
          "food": 225,
          "wood": 88,
          "stone": 68
        },
        "Coastal": false,
        "Mountainous": false,
        "capital": false,
        "port": false,
        "citadel": true,
        "walls": true,
        "plaza": true,
        "temple": true,
        "shanty_town": true,
        "elevation": 169,
        "valley": "Day",
        "founded_in": 134,
        "building_count": 5252,
        "district_count": 11,
        "districts": [
          {
            "name": "Farmers Reach",
            "building_count": 678
          },
          {
            "name": "Citadel",
            "building_count": 1
          },
          {
            "name": "Cattle Well",
            "building_count": 535
          },
          {
            "name": "Bright Crests Town",
            "building_count": 1421
          },
          {
            "name": "Misty Mire",
            "building_count": 1169
          },
          {
            "name": "Alebridge",
            "building_count": 107
          },
          {
            "name": "North Zadardelen",
            "building_count": 12
          },
          {
            "name": "Fenheart",
            "building_count": 429
          },
          {
            "name": "Brightgate",
            "building_count": 154
          },
          {
            "name": "Glass Road",
            "building_count": 327
          },
          {
            "name": "Ashbark Gate",
            "building_count": 413
          }
        ]
      },
      "geometry": {
        "type": "Point",
        "coordinates": [
          29.16,
          -51.29
        ]
      }
    },
    {
      "type": "Feature",
      "properties": {
        "Id": "38",
        "Burg": "Engar",
        "Population": 42312,
        "type": "city",
        "tech": "industrial",
        "endowments": {
          "food": 130,
          "wood": 114,
          "stone": 90,
          "tools": 55
        },
        "Coastal": false,
        "Mountainous": false,
        "capital": false,
        "port": false,
        "citadel": true,
        "walls": true,
        "plaza": true,
        "temple": true,
        "shanty_town": true,
        "elevation": 121,
        "valley": "Dusk",
        "founded_in": 93,
        "building_count": 4377,
        "district_count": 11,
        "districts": [
          {
            "name": "Cloudway",
            "building_count": 393
          },
          {
            "name": "Dark Mire",
            "building_count": 340
          },
          {
            "name": "Citadel",
            "building_count": 1
          },
          {
            "name": "Daggerkey Gate",
            "building_count": 434
          },
          {
            "name": "Iron Spring",
            "building_count": 469
          },
          {
            "name": "South Engar",
            "building_count": 104
          },
          {
            "name": "Bonegate",
            "building_count": 378
          },
          {
            "name": "Fools Market",
            "building_count": 297
          },
          {
            "name": "Starwood Hill",
            "building_count": 1339
          },
          {
            "name": "Frostwell District",
            "building_count": 329
          },
          {
            "name": "Southern Slums",
            "building_count": 292
          }
        ]
      },
      "geometry": {
        "type": "Point",
        "coordinates": [
          65.65,
          15.89
        ]
      }
    },
    {
      "type": "Feature",
      "properties": {
        "Id": "3",
        "Burg": "Alebuo",
        "Population": 38623,
        "type": "city",
        "tech": "industrial",
        "endowments": {
          "food": 116,
          "wood": 100,
          "stone": 56,
          "tools": 53
        },
        "Coastal": false,
        "Mountainous": false,
        "capital": false,
        "port": false,
        "citadel": true,
        "walls": true,
        "plaza": true,
        "temple": true,
        "shanty_town": true,
        "elevation": 64,
        "valley": "Dawn",
        "founded_in": 191,
        "building_count": 5499,
        "district_count": 11,
        "districts": [
          {
            "name": "Old District",
            "building_count": 20
          },
          {
            "name": "Silver Cliff",
            "building_count": 113
          },
          {
            "name": "Purple Point",
            "building_count": 333
          },
          {
            "name": "The Forge",
            "building_count": 592
          },
          {
            "name": "Purple Road",
            "building_count": 178
          },
          {
            "name": "Pearl Shade",
            "building_count": 505
          },
          {
            "name": "Everway Borough",
            "building_count": 531
          },
          {
            "name": "Citadel",
            "building_count": 2
          },
          {
            "name": "Chargate",
            "building_count": 252
          },
          {
            "name": "North Alebuo",
            "building_count": 2054
          },
          {
            "name": "Old Ring",
            "building_count": 918
          }
        ]
      },
      "geometry": {
        "type": "Point",
        "coordinates": [
          -41.5,
          49.06
        ]
      }
    },
    {
      "type": "Feature",
      "properties": {
        "Id": "103",
        "Burg": "Phoelit",
        "Population": 32245,
        "type": "city",
        "tech": "industrial",
        "endowments": {
          "food": 252,
          "wood": 150,
          "stone": 100
        },
        "Coastal": false,
        "Mountainous": false,
        "capital": false,
        "port": false,
        "citadel": true,
        "walls": true,
        "plaza": true,
        "temple": false,
        "shanty_town": false,
        "elevation": 144,
        "valley": "Day",
        "founded_in": 127,
        "building_count": 2065,
        "district_count": 11,
        "districts": [
          {
            "name": "Wolfwood Town",
            "building_count": 172
          },
          {
            "name": "Citadel",
            "building_count": 1
          },
          {
            "name": "Fensoul Gate",
            "building_count": 108
          },
          {
            "name": "Old Temple",
            "building_count": 484
          },
          {
            "name": "New Star",
            "building_count": 65
          },
          {
            "name": "Far Edge",
            "building_count": 748
          },
          {
            "name": "Greywell District",
            "building_count": 206
          },
          {
            "name": "West Phoelit",
            "building_count": 118
          },
          {
            "name": "Salt Arch",
            "building_count": 16
          },
          {
            "name": "East Slums",
            "building_count": 17
          },
          {
            "name": "Egg Road",
            "building_count": 123
          }
        ]
      },
      "geometry": {
        "type": "Point",
        "coordinates": [
          37.97,
          -63.36
        ]
      }
    },
    {
      "type": "Feature",
      "properties": {
        "Id": "47",
        "Burg": "Gyba",
        "Population": 30656,
        "type": "city",
        "tech": "industrial",
        "endowments": {
          "food": 190,
          "wood": 138,
          "stone": 94,
          "luxury_goods": 45
        },
        "Coastal": false,
        "Mountainous": false,
        "capital": true,
        "port": false,
        "citadel": true,
        "walls": true,
        "plaza": false,
        "temple": true,
        "shanty_town": false,
        "elevation": 25,
        "valley": "Night",
        "founded_in": 174,
        "building_count": 1652,
        "district_count": 12,
        "districts": [
          {
            "name": "Moonway Edge",
            "building_count": 297
          },
          {
            "name": "Silver Ford",
            "building_count": 55
          },
          {
            "name": "The Wall",
            "building_count": 342
          },
          {
            "name": "High Side",
            "building_count": 46
          },
          {
            "name": "Apple Ring",
            "building_count": 16
          },
          {
            "name": "Middle Hill",
            "building_count": 248
          },
          {
            "name": "Castle",
            "building_count": 1
          },
          {
            "name": "Southern Gyba",
            "building_count": 27
          },
          {
            "name": "Stormbloom Road",
            "building_count": 205
          },
          {
            "name": "Ember Shade",
            "building_count": 15
          },
          {
            "name": "Applegate",
            "building_count": 161
          },
          {
            "name": "Ashen Gate",
            "building_count": 158
          }
        ]
      },
      "geometry": {
        "type": "Point",
        "coordinates": [
          -23.88,
          75.47
        ]
      }
    },
    {
      "type": "Feature",
      "properties": {
        "Id": "57",
        "Burg": "Ithemate",
        "Population": 28577,
        "type": "city",
        "tech": "industrial",
        "endowments": {
          "food": 112,
          "wood": 122,
          "stone": 98,
          "luxury_goods": 35
        },
        "Coastal": false,
        "Mountainous": false,
        "capital": false,
        "port": false,
        "citadel": true,
        "walls": true,
        "plaza": true,
        "temple": true,
        "shanty_town": true,
        "elevation": 4,
        "valley": "Night",
        "founded_in": 172,
        "building_count": 2817,
        "district_count": 8,
        "districts": [
          {
            "name": "Black Star",
            "building_count": 605
          },
          {
            "name": "Castle",
            "building_count": 1
          },
          {
            "name": "Black Field",
            "building_count": 563
          },
          {
            "name": "Old Mill",
            "building_count": 368
          },
          {
            "name": "Starrise Road",
            "building_count": 94
          },
          {
            "name": "Eastgate",
            "building_count": 131
          },
          {
            "name": "Ambertide Borough",
            "building_count": 662
          },
          {
            "name": "Dragonbloom Gate",
            "building_count": 380
          }
        ]
      },
      "geometry": {
        "type": "Point",
        "coordinates": [
          -15.83,
          68.02
        ]
      }
    },
    {
      "type": "Feature",
      "properties": {
        "Id": "45",
        "Burg": "Gongshan",
        "Population": 27312,
        "type": "city",
        "tech": "industrial",
        "endowments": {
          "food": 156,
          "wood": 96,
          "stone": 114,
          "tools": 58
        },
        "Coastal": false,
        "Mountainous": false,
        "capital": false,
        "port": false,
        "citadel": true,
        "walls": true,
        "plaza": true,
        "temple": true,
        "shanty_town": true,
        "elevation": 64,
        "valley": "Dawn",
        "founded_in": 191,
        "building_count": 2859,
        "district_count": 11,
        "districts": [
          {
            "name": "White Borough",
            "building_count": 515
          },
          {
            "name": "Citadel",
            "building_count": 1
          },
          {
            "name": "Elm Temple",
            "building_count": 378
          },
          {
            "name": "Chicken Brook",
            "building_count": 19
          },
          {
            "name": "Grimkey Gate",
            "building_count": 198
          },
          {
            "name": "The Cross",
            "building_count": 307
          },
          {
            "name": "Southern Slums",
            "building_count": 291
          },
          {
            "name": "Elm Road",
            "building_count": 147
          },
          {
            "name": "Dawn Mire",
            "building_count": 191
          },
          {
            "name": "Dark Forge",
            "building_count": 362
          },
          {
            "name": "Chicken Gate",
            "building_count": 428
          }
        ]
      },
      "geometry": {
        "type": "Point",
        "coordinates": [
          -40.67,
          -28.73
        ]
      }
    },
    {
      "type": "Feature",
      "properties": {
        "Id": "11",
        "Burg": "Avesia",
        "Population": 26947,
        "type": "city",
        "tech": "industrial",
        "endowments": {
          "food": 147,
          "wood": 108,
          "stone": 78,
          "luxury_goods": 106
        },
        "Coastal": false,
        "Mountainous": false,
        "capital": true,
        "port": false,
        "citadel": true,
        "walls": true,
        "plaza": true,
        "temple": true,
        "shanty_town": true,
        "elevation": 81,
        "valley": "Day",
        "founded_in": 130,
        "building_count": 3634,
        "district_count": 12,
        "districts": [
          {
            "name": "Old District",
            "building_count": 68
          },
          {
            "name": "Bread Tower",
            "building_count": 337
          },
          {
            "name": "Long Water",
            "building_count": 483
          },
          {
            "name": "Eastern Slums",
            "building_count": 7
          },
          {
            "name": "Old District",
            "building_count": 407
          },
          {
            "name": "Citadel",
            "building_count": 1
          },
          {
            "name": "Spice Road",
            "building_count": 569
          },
          {
            "name": "Underrise Gate",
            "building_count": 182
          },
          {
            "name": "Greygate",
            "building_count": 1000
          },
          {
            "name": "Winebridge",
            "building_count": 272
          },
          {
            "name": "Spirit Walk",
            "building_count": 253
          },
          {
            "name": "Fenbloom",
            "building_count": 47
          }
        ]
      },
      "geometry": {
        "type": "Point",
        "coordinates": [
          32.65,
          -57.66
        ]
      }
    },
    {
      "type": "Feature",
      "properties": {
        "Id": "18",
        "Burg": "Bernala",
        "Population": 25889,
        "type": "city",
        "tech": "medieval",
        "endowments": {
          "food": 124,
          "wood": 124,
          "stone": 98,
          "tools": 49
        },
        "Coastal": true,
        "Mountainous": false,
        "capital": false,
        "port": false,
        "citadel": true,
        "walls": true,
        "plaza": false,
        "temple": false,
        "shanty_town": false,
        "elevation": 25,
        "valley": "Dawn",
        "founded_in": 211,
        "building_count": 2520,
        "district_count": 7,
        "districts": [
          {
            "name": "Stone Horn",
            "building_count": 1438
          },
          {
            "name": "Castle",
            "building_count": 1
          },
          {
            "name": "Moonchurch Gate",
            "building_count": 402
          },
          {
            "name": "Southgate",
            "building_count": 473
          },
          {
            "name": "Winebridge",
            "building_count": 39
          },
          {
            "name": "Free Village",
            "building_count": 59
          },
          {
            "name": "Northern Bernala",
            "building_count": 96
          }
        ]
      },
      "geometry": {
        "type": "Point",
        "coordinates": [
          -63.13,
          34.97
        ]
      }
    },
    {
      "type": "Feature",
      "properties": {
        "Id": "33",
        "Burg": "Dautong",
        "Population": 25845,
        "type": "city",
        "tech": "industrial",
        "endowments": {
          "food": 146,
          "wood": 64,
          "stone": 84,
          "tools": 91
        },
        "Coastal": false,
        "Mountainous": false,
        "capital": false,
        "port": false,
        "citadel": true,
        "walls": true,
        "plaza": true,
        "temple": false,
        "shanty_town": true,
        "elevation": 64,
        "valley": "Dawn",
        "founded_in": 191,
        "building_count": 5031,
        "district_count": 9,
        "districts": [
          {
            "name": "Cherry Arch",
            "building_count": 1057
          },
          {
            "name": "Fortress",
            "building_count": 34
          },
          {
            "name": "Wolfheart Road",
            "building_count": 346
          },
          {
            "name": "Freegate",
            "building_count": 277
          },
          {
            "name": "Lightgate",
            "building_count": 373
          },
          {
            "name": "South Dautong",
            "building_count": 1838
          },
          {
            "name": "Fenfire Water",
            "building_count": 261
          },
          {
            "name": "Winebridge",
            "building_count": 739
          },
          {
            "name": "Greysoul District",
            "building_count": 130
          }
        ]
      },
      "geometry": {
        "type": "Point",
        "coordinates": [
          -44.52,
          -47.42
        ]
      }
    },
    {
      "type": "Feature",
      "properties": {
        "Id": "117",
        "Burg": "Shfanaan",
        "Population": 23782,
        "type": "city",
        "tech": "industrial",
        "endowments": {
          "food": 312,
          "wood": 60,
          "stone": 62
        },
        "Coastal": false,
        "Mountainous": false,
        "capital": false,
        "port": false,
        "citadel": false,
        "walls": true,
        "plaza": true,
        "temple": false,
        "shanty_town": false,
        "elevation": 676,
        "valley": "Day",
        "founded_in": 172,
        "building_count": 1663,
        "district_count": 11,
        "districts": [
          {
            "name": "Four Stars",
            "building_count": 170
          },
          {
            "name": "Dark Cross",
            "building_count": 391
          },
          {
            "name": "Southern Shfanaan",
            "building_count": 20
          },
          {
            "name": "Bright Reach",
            "building_count": 21
          },
          {
            "name": "Downwood Hill",
            "building_count": 195
          },
          {
            "name": "Northern Gate",
            "building_count": 232
          },
          {
            "name": "Fish Horn",
            "building_count": 61
          },
          {
            "name": "Silk Wall",
            "building_count": 14
          },
          {
            "name": "Moonsoul Road",
            "building_count": 442
          },
          {
            "name": "East Slums",
            "building_count": 54
          },
          {
            "name": "Grey Water",
            "building_count": 48
          }
        ]
      },
      "geometry": {
        "type": "Point",
        "coordinates": [
          -28.87,
          -62.88
        ]
      }
    },
    {
      "type": "Feature",
      "properties": {
        "Id": "62",
        "Burg": "Jiafeng",
        "Population": 23060,
        "type": "city",
        "tech": "industrial",
        "endowments": {
          "food": 168,
          "wood": 100,
          "stone": 74,
          "tools": 42,
          "fish": 287
        },
        "Coastal": true,
        "Mountainous": false,
        "capital": false,
        "port": true,
        "citadel": true,
        "walls": true,
        "plaza": true,
        "temple": true,
        "shanty_town": false,
        "elevation": 4,
        "valley": "Dawn",
        "founded_in": 216,
        "building_count": 1615,
        "district_count": 11,
        "districts": [
          {
            "name": "Char Crown",
            "building_count": 87
          },
          {
            "name": "West Water",
            "building_count": 10
          },
          {
            "name": "Darkchurch Bridge",
            "building_count": 128
          },
          {
            "name": "Newgate",
            "building_count": 595
          },
          {
            "name": "Castle",
            "building_count": 1
          },
          {
            "name": "Glass Horn",
            "building_count": 309
          },
          {
            "name": "South Slums",
            "building_count": 14
          },
          {
            "name": "Undersoul Field",
            "building_count": 5
          },
          {
            "name": "Honey Rock",
            "building_count": 19
          },
          {
            "name": "Free Road",
            "building_count": 358
          },
          {
            "name": "Bards Valley",
            "building_count": 61
          }
        ]
      },
      "geometry": {
        "type": "Point",
        "coordinates": [
          -69.65,
          -5.66
        ]
      }
    },
    {
      "type": "Feature",
      "properties": {
        "Id": "92",
        "Burg": "Monte",
        "Population": 22667,
        "type": "city",
        "tech": "medieval",
        "endowments": {
          "food": 176,
          "wood": 114,
          "stone": 66,
          "tools": 67,
          "fish": 236
        },
        "Coastal": true,
        "Mountainous": false,
        "capital": false,
        "port": true,
        "citadel": true,
        "walls": true,
        "plaza": false,
        "temple": true,
        "shanty_town": false,
        "elevation": 25,
        "valley": "Dawn",
        "founded_in": 191,
        "building_count": 1406,
        "district_count": 8,
        "districts": [
          {
            "name": "Old Monte",
            "building_count": 372
          },
          {
            "name": "Castle",
            "building_count": 1
          },
          {
            "name": "Wolfbark Mile",
            "building_count": 205
          },
          {
            "name": "Free Road",
            "building_count": 270
          },
          {
            "name": "Fishgate",
            "building_count": 276
          },
          {
            "name": "Starfall",
            "building_count": 97
          },
          {
            "name": "Dragonwell Way",
            "building_count": 113
          },
          {
            "name": "Green Ward",
            "building_count": 71
          }
        ]
      },
      "geometry": {
        "type": "Point",
        "coordinates": [
          -43.8,
          72.75
        ]
      }
    },
    {
      "type": "Feature",
      "properties": {
        "Id": "116",
        "Burg": "Shaxing",
        "Population": 20045,
        "type": "city",
        "tech": "medieval",
        "endowments": {
          "food": 112,
          "wood": 100,
          "stone": 104
        },
        "Coastal": false,
        "Mountainous": false,
        "capital": false,
        "port": false,
        "citadel": true,
        "walls": true,
        "plaza": false,
        "temple": false,
        "shanty_town": false,
        "elevation": 25,
        "valley": null,
        "founded_in": 216,
        "building_count": 1284,
        "district_count": 9,
        "districts": [
          {
            "name": "Long Vale",
            "building_count": 415
          },
          {
            "name": "Starwell Quarter",
            "building_count": 21
          },
          {
            "name": "Cotton Market",
            "building_count": 19
          },
          {
            "name": "Wine Crown",
            "building_count": 468
          },
          {
            "name": "Three Orchards",
            "building_count": 16
          },
          {
            "name": "Upper Ward",
            "building_count": 110
          },
          {
            "name": "South Slums",
            "building_count": 36
          },
          {
            "name": "Southern Shaxing",
            "building_count": 7
          },
          {
            "name": "Oak Road",
            "building_count": 184
          }
        ]
      },
      "geometry": {
        "type": "Point",
        "coordinates": [
          -57.47,
          -0.55
        ]
      }
    },
    {
      "type": "Feature",
      "properties": {
        "Id": "120",
        "Burg": "Sunker",
        "Population": 19602,
        "type": "city",
        "tech": "industrial",
        "endowments": {
          "food": 138,
          "wood": 104,
          "stone": 90,
          "tools": 104
        },
        "Coastal": false,
        "Mountainous": false,
        "capital": false,
        "port": false,
        "citadel": false,
        "walls": true,
        "plaza": true,
        "temple": false,
        "shanty_town": false,
        "elevation": 225,
        "valley": "Dusk",
        "founded_in": 106,
        "building_count": 1516,
        "district_count": 7,
        "districts": [
          {
            "name": "Bread Court",
            "building_count": 366
          },
          {
            "name": "Twilight Ridge",
            "building_count": 374
          },
          {
            "name": "Rainy Gate",
            "building_count": 386
          },
          {
            "name": "Silver Gate",
            "building_count": 75
          },
          {
            "name": "Four Fairs",
            "building_count": 40
          },
          {
            "name": "Freeway",
            "building_count": 242
          },
          {
            "name": "Dragonhill Ward",
            "building_count": 15
          }
        ]
      },
      "geometry": {
        "type": "Point",
        "coordinates": [
          49.57,
          15.5
        ]
      }
    },
    {
      "type": "Feature",
      "properties": {
        "Id": "12",
        "Burg": "Bafke",
        "Population": 18367,
        "type": "city",
        "tech": "industrial",
        "endowments": {
          "food": 128,
          "wood": 78,
          "stone": 52,
          "tools": 54,
          "luxury_goods": 54
        },
        "Coastal": false,
        "Mountainous": false,
        "capital": true,
        "port": false,
        "citadel": true,
        "walls": true,
        "plaza": true,
        "temple": false,
        "shanty_town": false,
        "elevation": 121,
        "valley": "Dusk",
        "founded_in": 63,
        "building_count": 1883,
        "district_count": 6,
        "districts": [
          {
            "name": "Old Bafke",
            "building_count": 1078
          },
          {
            "name": "Citadel",
            "building_count": 6
          },
          {
            "name": "Southern Slums",
            "building_count": 147
          },
          {
            "name": "Blackfall Way",
            "building_count": 397
          },
          {
            "name": "Honey Brook",
            "building_count": 203
          },
          {
            "name": "Golden Ward",
            "building_count": 55
          }
        ]
      },
      "geometry": {
        "type": "Point",
        "coordinates": [
          90.37,
          -0.37
        ]
      }
    },
    {
      "type": "Feature",
      "properties": {
        "Id": "60",
        "Burg": "Jargeroy",
        "Population": 18267,
        "type": "city",
        "tech": "industrial",
        "endowments": {
          "food": 180,
          "wood": 130,
          "stone": 72,
          "tools": 72,
          "fish": 363
        },
        "Coastal": true,
        "Mountainous": false,
        "capital": false,
        "port": true,
        "citadel": true,
        "walls": true,
        "plaza": true,
        "temple": false,
        "shanty_town": false,
        "elevation": 121,
        "valley": "Dusk",
        "founded_in": 79,
        "building_count": 1209,
        "district_count": 13,
        "districts": [
          {
            "name": "Ashen Bridge",
            "building_count": 487
          },
          {
            "name": "Silk Court",
            "building_count": 61
          },
          {
            "name": "New Walk",
            "building_count": 238
          },
          {
            "name": "Wolflight",
            "building_count": 89
          },
          {
            "name": "Spice Docks",
            "building_count": 69
          },
          {
            "name": "Cloudfall Wall",
            "building_count": 32
          },
          {
            "name": "East Docks",
            "building_count": 123
          },
          {
            "name": "Red Docks",
            "building_count": 14
          },
          {
            "name": "Grimsoul Side",
            "building_count": 16
          },
          {
            "name": "Northern Jargeroy",
            "building_count": 17
          },
          {
            "name": "Castle",
            "building_count": 1
          },
          {
            "name": "Western Slums",
            "building_count": 16
          },
          {
            "name": "Scholars Town",
            "building_count": 34
          }
        ]
      },
      "geometry": {
        "type": "Point",
        "coordinates": [
          81.18,
          20.53
        ]
      }
    },
    {
      "type": "Feature",
      "properties": {
        "Id": "87",
        "Burg": "Mical",
        "Population": 17554,
        "type": "city",
        "tech": "medieval",
        "endowments": {
          "food": 300,
          "wood": 72,
          "stone": 90
        },
        "Coastal": false,
        "Mountainous": false,
        "capital": false,
        "port": false,
        "citadel": false,
        "walls": false,
        "plaza": false,
        "temple": false,
        "shanty_town": false,
        "elevation": 25,
        "valley": "Day",
        "founded_in": 112,
        "building_count": 697,
        "district_count": 3,
        "districts": [
          {
            "name": "Grey Arch",
            "building_count": 209
          },
          {
            "name": "Low Point",
            "building_count": 313
          },
          {
            "name": "Stormchurch Field",
            "building_count": 150
          }
        ]
      },
      "geometry": {
        "type": "Point",
        "coordinates": [
          81.56,
          -74.47
        ]
      }
    },
    {
      "type": "Feature",
      "properties": {
        "Id": "52",
        "Burg": "Hasamut",
        "Population": 16534,
        "type": "city",
        "tech": "industrial",
        "endowments": {
          "food": 309,
          "wood": 86,
          "stone": 62,
          "fish": 388
        },
        "Coastal": true,
        "Mountainous": false,
        "capital": false,
        "port": true,
        "citadel": true,
        "walls": false,
        "plaza": true,
        "temple": false,
        "shanty_town": false,
        "elevation": 100,
        "valley": "Day",
        "founded_in": 165,
        "building_count": 945,
        "district_count": 7,
        "districts": [
          {
            "name": "Old Town",
            "building_count": 263
          },
          {
            "name": "Milk Hall",
            "building_count": 214
          },
          {
            "name": "North Docks",
            "building_count": 42
          },
          {
            "name": "Citadel",
            "building_count": 1
          },
          {
            "name": "Great Docks",
            "building_count": 48
          },
          {
            "name": "Shepherds Ridge",
            "building_count": 322
          },
          {
            "name": "Dragonfire Stair",
            "building_count": 24
          }
        ]
      },
      "geometry": {
        "type": "Point",
        "coordinates": [
          -17.67,
          -73.1
        ]
      }
    },
    {
      "type": "Feature",
      "properties": {
        "Id": "137",
        "Burg": "Vialiranave",
        "Population": 16282,
        "type": "city",
        "tech": "medieval",
        "endowments": {
          "food": 156,
          "wood": 66,
          "stone": 60
        },
        "Coastal": false,
        "Mountainous": false,
        "capital": false,
        "port": false,
        "citadel": true,
        "walls": true,
        "plaza": false,
        "temple": false,
        "shanty_town": false,
        "elevation": 144,
        "valley": "Day",
        "founded_in": 116,
        "building_count": 1514,
        "district_count": 12,
        "districts": [
          {
            "name": "The Horn",
            "building_count": 327
          },
          {
            "name": "Clear Hill",
            "building_count": 248
          },
          {
            "name": "Salt Wall",
            "building_count": 236
          },
          {
            "name": "Southern Vialiranave",
            "building_count": 5
          },
          {
            "name": "Stone Cliff",
            "building_count": 13
          },
          {
            "name": "Castle",
            "building_count": 1
          },
          {
            "name": "Grimrise Gate",
            "building_count": 171
          },
          {
            "name": "Dawnway",
            "building_count": 107
          },
          {
            "name": "Far Reach",
            "building_count": 270
          },
          {
            "name": "Redheart Water",
            "building_count": 52
          },
          {
            "name": "Timber Fair",
            "building_count": 41
          },
          {
            "name": "Western Slums",
            "building_count": 33
          }
        ]
      },
      "geometry": {
        "type": "Point",
        "coordinates": [
          55.65,
          -67.38
        ]
      }
    },
    {
      "type": "Feature",
      "properties": {
        "Id": "107",
        "Burg": "Pornoli",
        "Population": 15056,
        "type": "city",
        "tech": "industrial",
        "endowments": {
          "food": 118,
          "wood": 138,
          "stone": 88,
          "iron_ore": 112,
          "tools": 93
        },
        "Coastal": false,
        "Mountainous": false,
        "capital": false,
        "port": false,
        "citadel": true,
        "walls": true,
        "plaza": true,
        "temple": false,
        "shanty_town": false,
        "elevation": 1024,
        "valley": "Dawn",
        "founded_in": 174,
        "building_count": 1468,
        "district_count": 8,
        "districts": [
          {
            "name": "Bright Forge",
            "building_count": 852
          },
          {
            "name": "Cattleway",
            "building_count": 259
          },
          {
            "name": "Citadel",
            "building_count": 1
          },
          {
            "name": "Moontide Gate",
            "building_count": 215
          },
          {
            "name": "Light Square",
            "building_count": 62
          },
          {
            "name": "Cotton Crest",
            "building_count": 31
          },
          {
            "name": "East Slums",
            "building_count": 30
          },
          {
            "name": "Rainy Water",
            "building_count": 6
          }
        ]
      },
      "geometry": {
        "type": "Point",
        "coordinates": [
          -19.07,
          -28.28
        ]
      }
    },
    {
      "type": "Feature",
      "properties": {
        "Id": "34",
        "Burg": "Doros",
        "Population": 14067,
        "type": "city",
        "tech": "industrial",
        "endowments": {
          "food": 118,
          "wood": 142,
          "stone": 102,
          "luxury_goods": 40
        },
        "Coastal": false,
        "Mountainous": false,
        "capital": false,
        "port": false,
        "citadel": true,
        "walls": false,
        "plaza": true,
        "temple": false,
        "shanty_town": false,
        "elevation": 4,
        "valley": "Night",
        "founded_in": 172,
        "building_count": 690,
        "district_count": 6,
        "districts": [
          {
            "name": "Merchants District",
            "building_count": 50
          },
          {
            "name": "Blue Borough",
            "building_count": 159
          },
          {
            "name": "Artists District",
            "building_count": 246
          },
          {
            "name": "Castle Ward",
            "building_count": 72
          },
          {
            "name": "Mistfall Lodge",
            "building_count": 70
          },
          {
            "name": "Twilight Vale",
            "building_count": 84
          }
        ]
      },
      "geometry": {
        "type": "Point",
        "coordinates": [
          -11.12,
          54.68
        ]
      }
    },
    {
      "type": "Feature",
      "properties": {
        "Id": "65",
        "Burg": "Jouy",
        "Population": 13872,
        "type": "city",
        "tech": "medieval",
        "endowments": {
          "food": 96,
          "wood": 102,
          "stone": 84,
          "tools": 30
        },
        "Coastal": false,
        "Mountainous": false,
        "capital": false,
        "port": false,
        "citadel": true,
        "walls": true,
        "plaza": false,
        "temple": false,
        "shanty_town": false,
        "elevation": 121,
        "valley": "Dusk",
        "founded_in": 63,
        "building_count": 939,
        "district_count": 7,
        "districts": [
          {
            "name": "Bright End",
            "building_count": 145
          },
          {
            "name": "Red Ring",
            "building_count": 294
          },
          {
            "name": "Castle",
            "building_count": 1
          },
          {
            "name": "Moonrise Bridge",
            "building_count": 85
          },
          {
            "name": "New Jouy",
            "building_count": 37
          },
          {
            "name": "Skyhill Gate",
            "building_count": 138
          },
          {
            "name": "New Road",
            "building_count": 239
          }
        ]
      },
      "geometry": {
        "type": "Point",
        "coordinates": [
          84.67,
          26.78
        ]
      }
    },
    {
      "type": "Feature",
      "properties": {
        "Id": "55",
        "Burg": "Ieye",
        "Population": 13472,
        "type": "city",
        "tech": "industrial",
        "endowments": {
          "food": 225,
          "wood": 100,
          "stone": 42,
          "luxury_goods": 51
        },
        "Coastal": false,
        "Mountainous": false,
        "capital": true,
        "port": false,
        "citadel": true,
        "walls": false,
        "plaza": false,
        "temple": false,
        "shanty_town": false,
        "elevation": 25,
        "valley": "Day",
        "founded_in": 130,
        "building_count": 770,
        "district_count": 5,
        "districts": [
          {
            "name": "Old District",
            "building_count": 112
          },
          {
            "name": "Upper Ward",
            "building_count": 40
          },
          {
            "name": "Iron Cross",
            "building_count": 210
          },
          {
            "name": "Purple District",
            "building_count": 217
          },
          {
            "name": "Cherry Bridge",
            "building_count": 160
          }
        ]
      },
      "geometry": {
        "type": "Point",
        "coordinates": [
          32.35,
          -80.09
        ]
      }
    },
    {
      "type": "Feature",
      "properties": {
        "Id": "53",
        "Burg": "Huang",
        "Population": 13250,
        "type": "city",
        "tech": "industrial",
        "endowments": {
          "food": 184,
          "wood": 116,
          "stone": 54,
          "tools": 46
        },
        "Coastal": false,
        "Mountainous": false,
        "capital": false,
        "port": false,
        "citadel": true,
        "walls": false,
        "plaza": true,
        "temple": false,
        "shanty_town": false,
        "elevation": 64,
        "valley": "Dawn",
        "founded_in": 205,
        "building_count": 543,
        "district_count": 4,
        "districts": [
          {
            "name": "Old Huang",
            "building_count": 192
          },
          {
            "name": "Castle",
            "building_count": 1
          },
          {
            "name": "Deep End",
            "building_count": 256
          },
          {
            "name": "Black Forge",
            "building_count": 83
          }
        ]
      },
      "geometry": {
        "type": "Point",
        "coordinates": [
          -39.68,
          14.31
        ]
      }
    },
    {
      "type": "Feature",
      "properties": {
        "Id": "122",
        "Burg": "Tasa",
        "Population": 12885,
        "type": "city",
        "tech": "industrial",
        "endowments": {
          "food": 122,
          "wood": 96,
          "stone": 106,
          "tools": 59
        },
        "Coastal": false,
        "Mountainous": false,
        "capital": false,
        "port": false,
        "citadel": false,
        "walls": true,
        "plaza": true,
        "temple": false,
        "shanty_town": false,
        "elevation": 121,
        "valley": "Dusk",
        "founded_in": 99,
        "building_count": 1136,
        "district_count": 11,
        "districts": [
          {
            "name": "Old Tasa",
            "building_count": 207
          },
          {
            "name": "Fairy Edge",
            "building_count": 195
          },
          {
            "name": "Bone Rock",
            "building_count": 283
          },
          {
            "name": "Wine Ward",
            "building_count": 54
          },
          {
            "name": "Chicken Gate",
            "building_count": 73
          },
          {
            "name": "Skyrise Gate",
            "building_count": 206
          },
          {
            "name": "Egg Arch",
            "building_count": 15
          },
          {
            "name": "Southern Slums",
            "building_count": 18
          },
          {
            "name": "Free Park",
            "building_count": 17
          },
          {
            "name": "Redhill Spring",
            "building_count": 27
          },
          {
            "name": "East Tasa",
            "building_count": 21
          }
        ]
      },
      "geometry": {
        "type": "Point",
        "coordinates": [
          89.34,
          56.52
        ]
      }
    },
    {
      "type": "Feature",
      "properties": {
        "Id": "26",
        "Burg": "Castri",
        "Population": 12767,
        "type": "city",
        "tech": "industrial",
        "endowments": {
          "food": 130,
          "wood": 108,
          "stone": 96,
          "luxury_goods": 40
        },
        "Coastal": false,
        "Mountainous": false,
        "capital": false,
        "port": false,
        "citadel": false,
        "walls": true,
        "plaza": true,
        "temple": false,
        "shanty_town": false,
        "elevation": 784,
        "valley": "Night",
        "founded_in": 187,
        "building_count": 1276,
        "district_count": 10,
        "districts": [
          {
            "name": "Old Castri",
            "building_count": 58
          },
          {
            "name": "Black Arch",
            "building_count": 212
          },
          {
            "name": "Greenhill Water",
            "building_count": 80
          },
          {
            "name": "Misty Streets",
            "building_count": 247
          },
          {
            "name": "Breadgate",
            "building_count": 74
          },
          {
            "name": "Iron Cliff",
            "building_count": 181
          },
          {
            "name": "Southern Castri",
            "building_count": 14
          },
          {
            "name": "Copper Orchard",
            "building_count": 162
          },
          {
            "name": "Spirit Mire",
            "building_count": 175
          },
          {
            "name": "Light Crosses Ward",
            "building_count": 62
          }
        ]
      },
      "geometry": {
        "type": "Point",
        "coordinates": [
          -38.28,
          76.21
        ]
      }
    },
    {
      "type": "Feature",
      "properties": {
        "Id": "51",
        "Burg": "Harruresh",
        "Population": 12215,
        "type": "city",
        "tech": "industrial",
        "endowments": {
          "food": 202,
          "wood": 120,
          "stone": 80,
          "tools": 80,
          "luxury_goods": 110
        },
        "Coastal": false,
        "Mountainous": false,
        "capital": true,
        "port": false,
        "citadel": false,
        "walls": true,
        "plaza": true,
        "temple": false,
        "shanty_town": false,
        "elevation": 64,
        "valley": "Dusk",
        "founded_in": 48,
        "building_count": 1242,
        "district_count": 7,
        "districts": [
          {
            "name": "Clear Yard",
            "building_count": 300
          },
          {
            "name": "Salt Cross",
            "building_count": 404
          },
          {
            "name": "Candlefire Gate",
            "building_count": 168
          },
          {
            "name": "Free Water",
            "building_count": 44
          },
          {
            "name": "West Slums",
            "building_count": 18
          },
          {
            "name": "Night Road",
            "building_count": 257
          },
          {
            "name": "Scholars Rock",
            "building_count": 42
          }
        ]
      },
      "geometry": {
        "type": "Point",
        "coordinates": [
          106.96,
          -4.26
        ]
      }
    },
    {
      "type": "Feature",
      "properties": {
        "Id": "64",
        "Burg": "Jinzhou",
        "Population": 12172,
        "type": "city",
        "tech": "industrial",
        "endowments": {
          "food": 104,
          "wood": 104,
          "stone": 74,
          "tools": 59
        },
        "Coastal": false,
        "Mountainous": false,
        "capital": false,
        "port": false,
        "citadel": true,
        "walls": false,
        "plaza": true,
        "temple": false,
        "shanty_town": false,
        "elevation": 4,
        "valley": "Dawn",
        "founded_in": 216,
        "building_count": 607,
        "district_count": 5,
        "districts": [
          {
            "name": "Old District",
            "building_count": 29
          },
          {
            "name": "Upper Ward",
            "building_count": 18
          },
          {
            "name": "Fey Side",
            "building_count": 260
          },
          {
            "name": "Black Mill",
            "building_count": 193
          },
          {
            "name": "Chicken Court",
            "building_count": 88
          }
        ]
      },
      "geometry": {
        "type": "Point",
        "coordinates": [
          -71.78,
          20.47
        ]
      }
    },
    {
      "type": "Feature",
      "properties": {
        "Id": "37",
        "Burg": "Eneya",
        "Population": 11881,
        "type": "city",
        "tech": "industrial",
        "endowments": {
          "food": 178,
          "wood": 92,
          "stone": 82,
          "luxury_goods": 85
        },
        "Coastal": false,
        "Mountainous": false,
        "capital": true,
        "port": false,
        "citadel": false,
        "walls": true,
        "plaza": false,
        "temple": false,
        "shanty_town": false,
        "elevation": 4,
        "valley": "Night",
        "founded_in": 127,
        "building_count": 974,
        "district_count": 11,
        "districts": [
          {
            "name": "The Well",
            "building_count": 415
          },
          {
            "name": "Black Knot",
            "building_count": 292
          },
          {
            "name": "High Side",
            "building_count": 25
          },
          {
            "name": "Pale Crossing",
            "building_count": 33
          },
          {
            "name": "Bread Forge",
            "building_count": 16
          },
          {
            "name": "Northern Eneya",
            "building_count": 31
          },
          {
            "name": "Dark Water",
            "building_count": 34
          },
          {
            "name": "Fish Cross",
            "building_count": 7
          },
          {
            "name": "East Slums",
            "building_count": 10
          },
          {
            "name": "Noongate",
            "building_count": 92
          },
          {
            "name": "Daggercrest Quarter",
            "building_count": 17
          }
        ]
      },
      "geometry": {
        "type": "Point",
        "coordinates": [
          51.35,
          80.36
        ]
      }
    },
    {
      "type": "Feature",
      "properties": {
        "Id": "99",
        "Burg": "Ottengenburg",
        "Population": 11841,
        "type": "city",
        "tech": "industrial",
        "endowments": {
          "food": 116,
          "wood": 116,
          "stone": 88,
          "tools": 72
        },
        "Coastal": false,
        "Mountainous": false,
        "capital": false,
        "port": false,
        "citadel": true,
        "walls": true,
        "plaza": false,
        "temple": false,
        "shanty_town": false,
        "elevation": 4,
        "valley": "Dusk",
        "founded_in": 1,
        "building_count": 1016,
        "district_count": 7,
        "districts": [
          {
            "name": "Middlegate",
            "building_count": 281
          },
          {
            "name": "Citadel",
            "building_count": 1
          },
          {
            "name": "Chicken Gate",
            "building_count": 188
          },
          {
            "name": "Purple Hill",
            "building_count": 26
          },
          {
            "name": "Moonbark Road",
            "building_count": 488
          },
          {
            "name": "Eastern Ottengenburg",
            "building_count": 8
          },
          {
            "name": "Bone Shade",
            "building_count": 11
          }
        ]
      },
      "geometry": {
        "type": "Point",
        "coordinates": [
          112.26,
          21.17
        ]
      }
    },
    {
      "type": "Feature",
      "properties": {
        "Id": "68",
        "Burg": "Korestad",
        "Population": 11758,
        "type": "city",
        "tech": "industrial",
        "endowments": {
          "food": 132,
          "wood": 74,
          "stone": 56,
          "tools": 58
        },
        "Coastal": false,
        "Mountainous": false,
        "capital": false,
        "port": false,
        "citadel": true,
        "walls": false,
        "plaza": true,
        "temple": true,
        "shanty_town": false,
        "elevation": 121,
        "valley": "Dusk",
        "founded_in": 79,
        "building_count": 537,
        "district_count": 5,
        "districts": [
          {
            "name": "Potters Water",
            "building_count": 164
          },
          {
            "name": "Upper Ward",
            "building_count": 43
          },
          {
            "name": "Underhill Arch",
            "building_count": 53
          },
          {
            "name": "White Town",
            "building_count": 254
          },
          {
            "name": "Copper Crossing",
            "building_count": 12
          }
        ]
      },
      "geometry": {
        "type": "Point",
        "coordinates": [
          75.96,
          17.07
        ]
      }
    },
    {
      "type": "Feature",
      "properties": {
        "Id": "102",
        "Burg": "Patrellasa",
        "Population": 11500,
        "type": "city",
        "tech": "industrial",
        "endowments": {
          "food": 104,
          "wood": 114,
          "stone": 46,
          "tools": 66
        },
        "Coastal": false,
        "Mountainous": false,
        "capital": false,
        "port": false,
        "citadel": false,
        "walls": true,
        "plaza": true,
        "temple": false,
        "shanty_town": false,
        "elevation": 64,
        "valley": "Dawn",
        "founded_in": 192,
        "building_count": 1080,
        "district_count": 7,
        "districts": [
          {
            "name": "Bright Crosses District",
            "building_count": 111
          },
          {
            "name": "Little Steps",
            "building_count": 126
          },
          {
            "name": "Timber Crest",
            "building_count": 259
          },
          {
            "name": "Wolfwind",
            "building_count": 17
          },
          {
            "name": "South Slums",
            "building_count": 128
          },
          {
            "name": "Highgate",
            "building_count": 80
          },
          {
            "name": "Moonchurch Road",
            "building_count": 350
          }
        ]
      },
      "geometry": {
        "type": "Point",
        "coordinates": [
          -22.88,
          26.67
        ]
      }
    },
    {
      "type": "Feature",
      "properties": {
        "Id": "111",
        "Burg": "Reriro",
        "Population": 11332,
        "type": "city",
        "tech": "industrial",
        "endowments": {
          "food": 141,
          "wood": 78,
          "stone": 108
        },
        "Coastal": false,
        "Mountainous": false,
        "capital": false,
        "port": false,
        "citadel": false,
        "walls": true,
        "plaza": true,
        "temple": false,
        "shanty_town": false,
        "elevation": 25,
        "valley": "Day",
        "founded_in": 121,
        "building_count": 1189,
        "district_count": 8,
        "districts": [
          {
            "name": "New Town",
            "building_count": 468
          },
          {
            "name": "Far Ridge",
            "building_count": 337
          },
          {
            "name": "Light Spring",
            "building_count": 101
          },
          {
            "name": "Rosegate",
            "building_count": 181
          },
          {
            "name": "Three Lodges",
            "building_count": 7
          },
          {
            "name": "Eastern Slums",
            "building_count": 12
          },
          {
            "name": "Purple Arch",
            "building_count": 17
          },
          {
            "name": "Western Reriro",
            "building_count": 59
          }
        ]
      },
      "geometry": {
        "type": "Point",
        "coordinates": [
          56.55,
          -79.42
        ]
      }
    },
    {
      "type": "Feature",
      "properties": {
        "Id": "127",
        "Burg": "Tonkhanhad",
        "Population": 10735,
        "type": "city",
        "tech": "industrial",
        "endowments": {
          "food": 228,
          "wood": 86,
          "stone": 44
        },
        "Coastal": false,
        "Mountainous": false,
        "capital": false,
        "port": false,
        "citadel": true,
        "walls": true,
        "plaza": true,
        "temple": false,
        "shanty_town": false,
        "elevation": 121,
        "valley": "Day",
        "founded_in": 143,
        "building_count": 1027,
        "district_count": 9,
        "districts": [
          {
            "name": "Trade District",
            "building_count": 95
          },
          {
            "name": "Stormlight",
            "building_count": 293
          },
          {
            "name": "Spirit Sprawl",
            "building_count": 262
          },
          {
            "name": "Citadel",
            "building_count": 1
          },
          {
            "name": "Silk Well",
            "building_count": 28
          },
          {
            "name": "Amberchurch",
            "building_count": 28
          },
          {
            "name": "Greygate",
            "building_count": 207
          },
          {
            "name": "South Tonkhanhad",
            "building_count": 18
          },
          {
            "name": "Witches Hook",
            "building_count": 80
          }
        ]
      },
      "geometry": {
        "type": "Point",
        "coordinates": [
          27.8,
          -42.31
        ]
      }
    },
    {
      "type": "Feature",
      "properties": {
        "Id": "76",
        "Burg": "Kyenga",
        "Population": 10669,
        "type": "city",
        "tech": "industrial",
        "endowments": {
          "food": 100,
          "wood": 74,
          "stone": 94,
          "luxury_goods": 71
        },
        "Coastal": false,
        "Mountainous": false,
        "capital": false,
        "port": false,
        "citadel": false,
        "walls": false,
        "plaza": true,
        "temple": false,
        "shanty_town": false,
        "elevation": 4,
        "valley": "Night",
        "founded_in": 122,
        "building_count": 654,
        "district_count": 5,
        "districts": [
          {
            "name": "Market District",
            "building_count": 138
          },
          {
            "name": "Cherry Bank",
            "building_count": 7
          },
          {
            "name": "Dawn Steps",
            "building_count": 133
          },
          {
            "name": "Underbloom Ferry",
            "building_count": 228
          },
          {
            "name": "Pearl Wall",
            "building_count": 124
          }
        ]
      },
      "geometry": {
        "type": "Point",
        "coordinates": [
          42.01,
          64.42
        ]
      }
    },
    {
      "type": "Feature",
      "properties": {
        "Id": "6",
        "Burg": "Asuyan",
        "Population": 10647,
        "type": "city",
        "tech": "industrial",
        "endowments": {
          "food": 210,
          "wood": 126,
          "stone": 68,
          "luxury_goods": 31
        },
        "Coastal": false,
        "Mountainous": false,
        "capital": false,
        "port": false,
        "citadel": true,
        "walls": true,
        "plaza": true,
        "temple": false,
        "shanty_town": false,
        "elevation": 4,
        "valley": "Night",
        "founded_in": 127,
        "building_count": 723,
        "district_count": 9,
        "districts": [
          {
            "name": "Greenlight",
            "building_count": 251
          },
          {
            "name": "Silver Gate",
            "building_count": 197
          },
          {
            "name": "North Slums",
            "building_count": 31
          },
          {
            "name": "Wolfcrest Pass",
            "building_count": 59
          },
          {
            "name": "Greychurch Road",
            "building_count": 124
          },
          {
            "name": "Old Stair",
            "building_count": 18
          },
          {
            "name": "Misty Row",
            "building_count": 8
          },
          {
            "name": "Eastern Asuyan",
            "building_count": 30
          },
          {
            "name": "Citadel",
            "building_count": 1
          }
        ]
      },
      "geometry": {
        "type": "Point",
        "coordinates": [
          47.96,
          76.23
        ]
      }
    },
    {
      "type": "Feature",
      "properties": {
        "Id": "72",
        "Burg": "Kuoruvaa",
        "Population": 10519,
        "type": "city",
        "tech": "industrial",
        "endowments": {
          "food": 152,
          "wood": 122,
          "stone": 54,
          "luxury_goods": 94
        },
        "Coastal": false,
        "Mountainous": false,
        "capital": true,
        "port": false,
        "citadel": false,
        "walls": true,
        "plaza": false,
        "temple": false,
        "shanty_town": false,
        "elevation": 4,
        "valley": "Night",
        "founded_in": 141,
        "building_count": 1078,
        "district_count": 12,
        "districts": [
          {
            "name": "Twin Heaths",
            "building_count": 124
          },
          {
            "name": "Tailors Lodge",
            "building_count": 280
          },
          {
            "name": "White Road",
            "building_count": 159
          },
          {
            "name": "Scholars Side",
            "building_count": 10
          },
          {
            "name": "Grey Ring",
            "building_count": 173
          },
          {
            "name": "West Kuoruvaa",
            "building_count": 10
          },
          {
            "name": "Starrise Mire",
            "building_count": 18
          },
          {
            "name": "West Slums",
            "building_count": 17
          },
          {
            "name": "Applegate",
            "building_count": 133
          },
          {
            "name": "Dark Fair",
            "building_count": 15
          },
          {
            "name": "Golden Road",
            "building_count": 96
          },
          {
            "name": "Cloudbark Ward",
            "building_count": 38
          }
        ]
      },
      "geometry": {
        "type": "Point",
        "coordinates": [
          29.99,
          41.24
        ]
      }
    },
    {
      "type": "Feature",
      "properties": {
        "Id": "75",
        "Burg": "Kushk",
        "Population": 9671,
        "type": "city",
        "tech": "medieval",
        "endowments": {
          "food": 195,
          "wood": 114,
          "stone": 100
        },
        "Coastal": false,
        "Mountainous": false,
        "capital": false,
        "port": false,
        "citadel": false,
        "walls": false,
        "plaza": false,
        "temple": false,
        "shanty_town": false,
        "elevation": 225,
        "valley": "Day",
        "founded_in": 165,
        "building_count": 674,
        "district_count": 2,
        "districts": [
          {
            "name": "Bright Shade",
            "building_count": 397
          },
          {
            "name": "Greyway Water",
            "building_count": 262
          }
        ]
      },
      "geometry": {
        "type": "Point",
        "coordinates": [
          -14.71,
          -54.22
        ]
      }
    },
    {
      "type": "Feature",
      "properties": {
        "Id": "74",
        "Burg": "Kushimaki",
        "Population": 8920,
        "type": "city",
        "tech": "medieval",
        "endowments": {
          "food": 146,
          "wood": 136,
          "stone": 64,
          "tools": 77
        },
        "Coastal": false,
        "Mountainous": false,
        "capital": false,
        "port": false,
        "citadel": true,
        "walls": false,
        "plaza": false,
        "temple": false,
        "shanty_town": false,
        "elevation": 4,
        "valley": "Dusk",
        "founded_in": 79,
        "building_count": 488,
        "district_count": 5,
        "districts": [
          {
            "name": "Old Kushimaki",
            "building_count": 107
          },
          {
            "name": "Military Ward",
            "building_count": 55
          },
          {
            "name": "Purple Hook",
            "building_count": 116
          },
          {
            "name": "Ivy Fair",
            "building_count": 127
          },
          {
            "name": "Moonway Square",
            "building_count": 68
          }
        ]
      },
      "geometry": {
        "type": "Point",
        "coordinates": [
          101.49,
          44.16
        ]
      }
    },
    {
      "type": "Feature",
      "properties": {
        "Id": "96",
        "Burg": "Oatue",
        "Population": 8837,
        "type": "city",
        "tech": "industrial",
        "endowments": {
          "food": 228,
          "wood": 110,
          "stone": 52,
          "luxury_goods": 91
        },
        "Coastal": false,
        "Mountainous": false,
        "capital": true,
        "port": false,
        "citadel": true,
        "walls": false,
        "plaza": false,
        "temple": false,
        "shanty_town": false,
        "elevation": 25,
        "valley": "Day",
        "founded_in": 147,
        "building_count": 657,
        "district_count": 5,
        "districts": [
          {
            "name": "Old Oatue",
            "building_count": 179
          },
          {
            "name": "Upper District",
            "building_count": 111
          },
          {
            "name": "Underfire Steps",
            "building_count": 105
          },
          {
            "name": "Blackheart Temple",
            "building_count": 74
          },
          {
            "name": "Forest District",
            "building_count": 171
          }
        ]
      },
      "geometry": {
        "type": "Point",
        "coordinates": [
          4.82,
          -75.9
        ]
      }
    },
    {
      "type": "Feature",
      "properties": {
        "Id": "88",
        "Burg": "Mintenomarci",
        "Population": 8707,
        "type": "city",
        "tech": "industrial",
        "endowments": {
          "food": 130,
          "wood": 122,
          "stone": 104,
          "tools": 101
        },
        "Coastal": true,
        "Mountainous": false,
        "capital": false,
        "port": false,
        "citadel": true,
        "walls": false,
        "plaza": true,
        "temple": false,
        "shanty_town": false,
        "elevation": 64,
        "valley": "Dawn",
        "founded_in": 180,
        "building_count": 534,
        "district_count": 4,
        "districts": [
          {
            "name": "Castle Ward",
            "building_count": 16
          },
          {
            "name": "New Knot",
            "building_count": 517
          },
          {
            "name": "Blackbloom Quarter",
            "building_count": 9
          },
          {
            "name": "Noonbridge",
            "building_count": 3
          }
        ]
      },
      "geometry": {
        "type": "Point",
        "coordinates": [
          -13.36,
          33.27
        ]
      }
    },
    {
      "type": "Feature",
      "properties": {
        "Id": "100",
        "Burg": "Ouiar",
        "Population": 8527,
        "type": "city",
        "tech": "industrial",
        "endowments": {
          "food": 156,
          "wood": 70,
          "stone": 70,
          "luxury_goods": 43
        },
        "Coastal": false,
        "Mountainous": false,
        "capital": true,
        "port": false,
        "citadel": true,
        "walls": false,
        "plaza": false,
        "temple": false,
        "shanty_town": false,
        "elevation": 225,
        "valley": "Day",
        "founded_in": 169,
        "building_count": 621,
        "district_count": 5,
        "districts": [
          {
            "name": "Elm Wall",
            "building_count": 447
          },
          {
            "name": "Northern Bridge",
            "building_count": 28
          },
          {
            "name": "Black Side",
            "building_count": 57
          },
          {
            "name": "Citadel",
            "building_count": 1
          },
          {
            "name": "Ashsoul Mile",
            "building_count": 73
          }
        ]
      },
      "geometry": {
        "type": "Point",
        "coordinates": [
          -17.53,
          -54.53
        ]
      }
    },
    {
      "type": "Feature",
      "properties": {
        "Id": "80",
        "Burg": "Luquti",
        "Population": 8176,
        "type": "city",
        "tech": "medieval",
        "endowments": {
          "food": 207,
          "wood": 64,
          "stone": 78
        },
        "Coastal": false,
        "Mountainous": false,
        "capital": false,
        "port": false,
        "citadel": false,
        "walls": false,
        "plaza": false,
        "temple": false,
        "shanty_town": false,
        "elevation": 676,
        "valley": "Day",
        "founded_in": 97,
        "building_count": 547,
        "district_count": 5,
        "districts": [
          {
            "name": "Market Town",
            "building_count": 257
          },
          {
            "name": "Moonbloom Ward",
            "building_count": 43
          },
          {
            "name": "Spirit Crossing",
            "building_count": 56
          },
          {
            "name": "Greenwind Star",
            "building_count": 40
          },
          {
            "name": "Green Hill",
            "building_count": 121
          }
        ]
      },
      "geometry": {
        "type": "Point",
        "coordinates": [
          91.39,
          -49.28
        ]
      }
    },
    {
      "type": "Feature",
      "properties": {
        "Id": "106",
        "Burg": "Pogliaferte",
        "Population": 7994,
        "type": "city",
        "tech": "medieval",
        "endowments": {
          "food": 102,
          "wood": 122,
          "stone": 94,
          "tools": 32
        },
        "Coastal": false,
        "Mountainous": false,
        "capital": false,
        "port": false,
        "citadel": true,
        "walls": false,
        "plaza": false,
        "temple": false,
        "shanty_town": false,
        "elevation": 25,
        "valley": "Dawn",
        "founded_in": 192,
        "building_count": 425,
        "district_count": 5,
        "districts": [
          {
            "name": "Old District",
            "building_count": 83
          },
          {
            "name": "Weavers Point",
            "building_count": 116
          },
          {
            "name": "Apple Well",
            "building_count": 58
          },
          {
            "name": "Military Ward",
            "building_count": 55
          },
          {
            "name": "Underlight",
            "building_count": 100
          }
        ]
      },
      "geometry": {
        "type": "Point",
        "coordinates": [
          -50.58,
          69.61
        ]
      }
    },
    {
      "type": "Feature",
      "properties": {
        "Id": "141",
        "Burg": "Zidesun",
        "Population": 7983,
        "type": "city",
        "tech": "medieval",
        "endowments": {
          "food": 204,
          "wood": 92,
          "stone": 96,
          "tools": 92
        },
        "Coastal": false,
        "Mountainous": false,
        "capital": false,
        "port": false,
        "citadel": true,
        "walls": true,
        "plaza": true,
        "temple": false,
        "shanty_town": false,
        "elevation": 16,
        "valley": "Dusk",
        "founded_in": 71,
        "building_count": 674,
        "district_count": 9,
        "districts": [
          {
            "name": "New Horn",
            "building_count": 264
          },
          {
            "name": "Castle",
            "building_count": 1
          },
          {
            "name": "Haunted Steps",
            "building_count": 175
          },
          {
            "name": "Eastern Zidesun",
            "building_count": 6
          },
          {
            "name": "Pale Town",
            "building_count": 8
          },
          {
            "name": "Rosegate",
            "building_count": 122
          },
          {
            "name": "Blue Tower",
            "building_count": 41
          },
          {
            "name": "Red Pass",
            "building_count": 20
          },
          {
            "name": "Rose Wall",
            "building_count": 26
          }
        ]
      },
      "geometry": {
        "type": "Point",
        "coordinates": [
          99.48,
          -18.5
        ]
      }
    },
    {
      "type": "Feature",
      "properties": {
        "Id": "109",
        "Burg": "Rambedamkur",
        "Population": 7607,
        "type": "city",
        "tech": "medieval",
        "endowments": {
          "food": 168,
          "wood": 82,
          "stone": 102,
          "luxury_goods": 56
        },
        "Coastal": false,
        "Mountainous": false,
        "capital": false,
        "port": false,
        "citadel": false,
        "walls": false,
        "plaza": false,
        "temple": false,
        "shanty_town": false,
        "elevation": 169,
        "valley": "Night",
        "founded_in": 141,
        "building_count": 539,
        "district_count": 4,
        "districts": [
          {
            "name": "Market Town",
            "building_count": 129
          },
          {
            "name": "Starhill Reach",
            "building_count": 102
          },
          {
            "name": "Oak Cross",
            "building_count": 72
          },
          {
            "name": "Salt Orchard",
            "building_count": 196
          }
        ]
      },
      "geometry": {
        "type": "Point",
        "coordinates": [
          26.45,
          65.55
        ]
      }
    },
    {
      "type": "Feature",
      "properties": {
        "Id": "138",
        "Burg": "Vul",
        "Population": 7509,
        "type": "city",
        "tech": "industrial",
        "endowments": {
          "food": 110,
          "wood": 124,
          "stone": 120,
          "tools": 61,
          "luxury_goods": 100
        },
        "Coastal": false,
        "Mountainous": false,
        "capital": true,
        "port": false,
        "citadel": true,
        "walls": true,
        "plaza": true,
        "temple": false,
        "shanty_town": false,
        "elevation": 4,
        "valley": "Dusk",
        "founded_in": 86,
        "building_count": 947,
        "district_count": 8,
        "districts": [
          {
            "name": "Chicken Town",
            "building_count": 243
          },
          {
            "name": "Castle",
            "building_count": 1
          },
          {
            "name": "Everwell Gate",
            "building_count": 86
          },
          {
            "name": "Western Vul",
            "building_count": 17
          },
          {
            "name": "Blue End",
            "building_count": 376
          },
          {
            "name": "Red Cliff",
            "building_count": 7
          },
          {
            "name": "Old Road",
            "building_count": 147
          },
          {
            "name": "Wolfcrest Point",
            "building_count": 63
          }
        ]
      },
      "geometry": {
        "type": "Point",
        "coordinates": [
          100.81,
          42.94
        ]
      }
    },
    {
      "type": "Feature",
      "properties": {
        "Id": "93",
        "Burg": "Motu",
        "Population": 7422,
        "type": "city",
        "tech": "medieval",
        "endowments": {
          "food": 184,
          "wood": 70,
          "stone": 84,
          "tools": 63
        },
        "Coastal": false,
        "Mountainous": false,
        "capital": false,
        "port": false,
        "citadel": true,
        "walls": true,
        "plaza": false,
        "temple": false,
        "shanty_town": false,
        "elevation": 25,
        "valley": "Dusk",
        "founded_in": 38,
        "building_count": 1032,
        "district_count": 9,
        "districts": [
          {
            "name": "Golden Town",
            "building_count": 270
          },
          {
            "name": "High Steps",
            "building_count": 433
          },
          {
            "name": "Castle",
            "building_count": 1
          },
          {
            "name": "West Slums",
            "building_count": 43
          },
          {
            "name": "Egg Rock",
            "building_count": 7
          },
          {
            "name": "Stone Hall",
            "building_count": 12
          },
          {
            "name": "East Motu",
            "building_count": 2
          },
          {
            "name": "Black Stairs District",
            "building_count": 127
          },
          {
            "name": "Blackgate",
            "building_count": 129
          }
        ]
      },
      "geometry": {
        "type": "Point",
        "coordinates": [
          98.33,
          23.56
        ]
      }
    },
    {
      "type": "Feature",
      "properties": {
        "Id": "83",
        "Burg": "Malveiba",
        "Population": 7306,
        "type": "city",
        "tech": "medieval",
        "endowments": {
          "food": 303,
          "wood": 112,
          "stone": 52
        },
        "Coastal": false,
        "Mountainous": false,
        "capital": false,
        "port": false,
        "citadel": false,
        "walls": false,
        "plaza": false,
        "temple": false,
        "shanty_town": false,
        "elevation": 100,
        "valley": "Day",
        "founded_in": 113,
        "building_count": 421,
        "district_count": 4,
        "districts": [
          {
            "name": "Old District",
            "building_count": 106
          },
          {
            "name": "Fey Side",
            "building_count": 127
          },
          {
            "name": "Clay Crest",
            "building_count": 49
          },
          {
            "name": "Dragonhill",
            "building_count": 118
          }
        ]
      },
      "geometry": {
        "type": "Point",
        "coordinates": [
          63.82,
          -68.85
        ]
      }
    },
    {
      "type": "Feature",
      "properties": {
        "Id": "5",
        "Burg": "Aneroa",
        "Population": 7157,
        "type": "city",
        "tech": "medieval",
        "endowments": {
          "food": 309,
          "wood": 78,
          "stone": 76,
          "luxury_goods": 85
        },
        "Coastal": false,
        "Mountainous": false,
        "capital": true,
        "port": false,
        "citadel": false,
        "walls": false,
        "plaza": false,
        "temple": false,
        "shanty_town": false,
        "elevation": 100,
        "valley": "Day",
        "founded_in": 161,
        "building_count": 380,
        "district_count": 5,
        "districts": [
          {
            "name": "Merchants District",
            "building_count": 114
          },
          {
            "name": "Golden Cliff",
            "building_count": 64
          },
          {
            "name": "The Mills",
            "building_count": 44
          },
          {
            "name": "Northern Square",
            "building_count": 61
          },
          {
            "name": "Pearl Tower",
            "building_count": 91
          }
        ]
      },
      "geometry": {
        "type": "Point",
        "coordinates": [
          -15.58,
          -73.38
        ]
      }
    },
    {
      "type": "Feature",
      "properties": {
        "Id": "118",
        "Burg": "Shma",
        "Population": 7157,
        "type": "city",
        "tech": "medieval",
        "endowments": {
          "food": 154,
          "wood": 118,
          "stone": 120,
          "tools": 58,
          "luxury_goods": 55
        },
        "Coastal": false,
        "Mountainous": false,
        "capital": true,
        "port": false,
        "citadel": false,
        "walls": false,
        "plaza": false,
        "temple": false,
        "shanty_town": false,
        "elevation": 784,
        "valley": "Dusk",
        "founded_in": 93,
        "building_count": 452,
        "district_count": 5,
        "districts": [
          {
            "name": "Trade District",
            "building_count": 59
          },
          {
            "name": "Rainy Ridge",
            "building_count": 52
          },
          {
            "name": "Oak Shade",
            "building_count": 66
          },
          {
            "name": "Redbloom Point",
            "building_count": 94
          },
          {
            "name": "Winebridge",
            "building_count": 175
          }
        ]
      },
      "geometry": {
        "type": "Point",
        "coordinates": [
          82.09,
          -33.3
        ]
      }
    },
    {
      "type": "Feature",
      "properties": {
        "Id": "129",
        "Burg": "Tsin",
        "Population": 7140,
        "type": "city",
        "tech": "medieval",
        "endowments": {
          "food": 118,
          "wood": 70,
          "stone": 88,
          "tools": 50
        },
        "Coastal": false,
        "Mountainous": false,
        "capital": false,
        "port": false,
        "citadel": true,
        "walls": true,
        "plaza": true,
        "temple": false,
        "shanty_town": false,
        "elevation": 64,
        "valley": "Dawn",
        "founded_in": 192,
        "building_count": 837,
        "district_count": 8,
        "districts": [
          {
            "name": "Stormcrest Ridge",
            "building_count": 276
          },
          {
            "name": "Bone Shade",
            "building_count": 232
          },
          {
            "name": "Green Road",
            "building_count": 57
          },
          {
            "name": "Fortress",
            "building_count": 1
          },
          {
            "name": "Copper Heath",
            "building_count": 61
          },
          {
            "name": "Mistheart Gate",
            "building_count": 133
          },
          {
            "name": "Downwood Crossing",
            "building_count": 27
          },
          {
            "name": "Pale Borough",
            "building_count": 44
          }
        ]
      },
      "geometry": {
        "type": "Point",
        "coordinates": [
          -47.95,
          -29.83
        ]
      }
    },
    {
      "type": "Feature",
      "properties": {
        "Id": "73",
        "Burg": "Kure",
        "Population": 6833,
        "type": "city",
        "tech": "industrial",
        "endowments": {
          "food": 174,
          "wood": 70,
          "stone": 40,
          "luxury_goods": 57
        },
        "Coastal": false,
        "Mountainous": false,
        "capital": true,
        "port": false,
        "citadel": false,
        "walls": true,
        "plaza": false,
        "temple": false,
        "shanty_town": false,
        "elevation": 676,
        "valley": "Night",
        "founded_in": 116,
        "building_count": 796,
        "district_count": 10,
        "districts": [
          {
            "name": "Salt Horn",
            "building_count": 74
          },
          {
            "name": "Night End",
            "building_count": 140
          },
          {
            "name": "Northern Slums",
            "building_count": 10
          },
          {
            "name": "Daggerrise Crest",
            "building_count": 233
          },
          {
            "name": "Fairy Steps",
            "building_count": 67
          },
          {
            "name": "Blackbloom Edge",
            "building_count": 125
          },
          {
            "name": "Wool Tower",
            "building_count": 20
          },
          {
            "name": "The Heath",
            "building_count": 33
          },
          {
            "name": "Highgate",
            "building_count": 65
          },
          {
            "name": "Old Ward",
            "building_count": 14
          }
        ]
      },
      "geometry": {
        "type": "Point",
        "coordinates": [
          67.0,
          71.29
        ]
      }
    },
    {
      "type": "Feature",
      "properties": {
        "Id": "124",
        "Burg": "Teveh",
        "Population": 6802,
        "type": "city",
        "tech": "industrial",
        "endowments": {
          "food": 208,
          "wood": 84,
          "stone": 46,
          "tools": 89,
          "luxury_goods": 91
        },
        "Coastal": false,
        "Mountainous": false,
        "capital": true,
        "port": false,
        "citadel": false,
        "walls": false,
        "plaza": true,
        "temple": false,
        "shanty_town": false,
        "elevation": 4,
        "valley": "Dusk",
        "founded_in": 21,
        "building_count": 522,
        "district_count": 5,
        "districts": [
          {
            "name": "Old Teveh",
            "building_count": 146
          },
          {
            "name": "Low Steps",
            "building_count": 36
          },
          {
            "name": "Spice Shade",
            "building_count": 147
          },
          {
            "name": "Skyhill Yard",
            "building_count": 77
          },
          {
            "name": "Golden Crown",
            "building_count": 102
          }
        ]
      },
      "geometry": {
        "type": "Point",
        "coordinates": [
          107.79,
          22.83
        ]
      }
    },
    {
      "type": "Feature",
      "properties": {
        "Id": "4",
        "Burg": "Alos",
        "Population": 6625,
        "type": "city",
        "tech": "medieval",
        "endowments": {
          "food": 178,
          "wood": 86,
          "stone": 106,
          "tools": 35,
          "fish": 358
        },
        "Coastal": true,
        "Mountainous": false,
        "capital": false,
        "port": true,
        "citadel": true,
        "walls": true,
        "plaza": false,
        "temple": false,
        "shanty_town": false,
        "elevation": 25,
        "valley": "Dawn",
        "founded_in": 199,
        "building_count": 642,
        "district_count": 11,
        "districts": [
          {
            "name": "Old Alos",
            "building_count": 126
          },
          {
            "name": "The Springs",
            "building_count": 19
          },
          {
            "name": "Elm Docks",
            "building_count": 72
          },
          {
            "name": "Honey Forge",
            "building_count": 38
          },
          {
            "name": "Citadel",
            "building_count": 1
          },
          {
            "name": "North Docks",
            "building_count": 47
          },
          {
            "name": "Cloudfire",
            "building_count": 117
          },
          {
            "name": "Old Walk",
            "building_count": 15
          },
          {
            "name": "Green Mill",
            "building_count": 111
          },
          {
            "name": "Blacksoul Sprawl",
            "building_count": 46
          },
          {
            "name": "Western Slums",
            "building_count": 45
          }
        ]
      },
      "geometry": {
        "type": "Point",
        "coordinates": [
          -63.57,
          49.15
        ]
      }
    },
    {
      "type": "Feature",
      "properties": {
        "Id": "115",
        "Burg": "Sera",
        "Population": 6503,
        "type": "city",
        "tech": "medieval",
        "endowments": {
          "food": 170,
          "wood": 106,
          "stone": 84,
          "tools": 37,
          "luxury_goods": 43
        },
        "Coastal": false,
        "Mountainous": false,
        "capital": true,
        "port": false,
        "citadel": true,
        "walls": false,
        "plaza": false,
        "temple": false,
        "shanty_town": false,
        "elevation": 64,
        "valley": "Dawn",
        "founded_in": 211,
        "building_count": 456,
        "district_count": 4,
        "districts": [
          {
            "name": "Silver Cliff",
            "building_count": 134
          },
          {
            "name": "Haunted Reach",
            "building_count": 123
          },
          {
            "name": "Purple Side",
            "building_count": 147
          },
          {
            "name": "Upper Ward",
            "building_count": 39
          }
        ]
      },
      "geometry": {
        "type": "Point",
        "coordinates": [
          -43.38,
          4.12
        ]
      }
    },
    {
      "type": "Feature",
      "properties": {
        "Id": "14",
        "Burg": "Bancik",
        "Population": 6426,
        "type": "city",
        "tech": "medieval",
        "endowments": {
          "food": 168,
          "wood": 94,
          "stone": 64,
          "tools": 63,
          "fish": 291
        },
        "Coastal": true,
        "Mountainous": false,
        "capital": false,
        "port": true,
        "citadel": false,
        "walls": false,
        "plaza": false,
        "temple": false,
        "shanty_town": false,
        "elevation": 121,
        "valley": "Dusk",
        "founded_in": 63,
        "building_count": 482,
        "district_count": 3,
        "districts": [
          {
            "name": "Old Town",
            "building_count": 208
          },
          {
            "name": "White Market",
            "building_count": 145
          },
          {
            "name": "Oak Shade",
            "building_count": 128
          }
        ]
      },
      "geometry": {
        "type": "Point",
        "coordinates": [
          93.47,
          -4.96
        ]
      }
    },
    {
      "type": "Feature",
      "properties": {
        "Id": "105",
        "Burg": "Pinkang",
        "Population": 6404,
        "type": "city",
        "tech": "medieval",
        "endowments": {
          "food": 170,
          "wood": 62,
          "stone": 92,
          "tools": 76
        },
        "Coastal": false,
        "Mountainous": false,
        "capital": false,
        "port": false,
        "citadel": false,
        "walls": false,
        "plaza": false,
        "temple": false,
        "shanty_town": false,
        "elevation": 64,
        "valley": "Dawn",
        "founded_in": 205,
        "building_count": 408,
        "district_count": 4,
        "districts": [
          {
            "name": "Silver Stair",
            "building_count": 142
          },
          {
            "name": "West District",
            "building_count": 76
          },
          {
            "name": "New Valley",
            "building_count": 115
          },
          {
            "name": "Long Steps",
            "building_count": 61
          }
        ]
      },
      "geometry": {
        "type": "Point",
        "coordinates": [
          -58.96,
          -11.55
        ]
      }
    },
    {
      "type": "Feature",
      "properties": {
        "Id": "69",
        "Burg": "Kudchna",
        "Population": 6331,
        "type": "city",
        "tech": "medieval",
        "endowments": {
          "food": 120,
          "wood": 76,
          "stone": 76,
          "luxury_goods": 55
        },
        "Coastal": false,
        "Mountainous": false,
        "capital": false,
        "port": false,
        "citadel": true,
        "walls": false,
        "plaza": false,
        "temple": false,
        "shanty_town": false,
        "elevation": 4,
        "valley": "Night",
        "founded_in": 161,
        "building_count": 571,
        "district_count": 2,
        "districts": [
          {
            "name": "Fish Arch",
            "building_count": 561
          },
          {
            "name": "Citadel",
            "building_count": 1
          }
        ]
      },
      "geometry": {
        "type": "Point",
        "coordinates": [
          6.73,
          54.28
        ]
      }
    },
    {
      "type": "Feature",
      "properties": {
        "Id": "42",
        "Burg": "Fanha",
        "Population": 6127,
        "type": "city",
        "tech": "medieval",
        "endowments": {
          "food": 135,
          "wood": 114,
          "stone": 62
        },
        "Coastal": false,
        "Mountainous": false,
        "capital": false,
        "port": false,
        "citadel": false,
        "walls": false,
        "plaza": false,
        "temple": false,
        "shanty_town": false,
        "elevation": 169,
        "valley": "Day",
        "founded_in": 112,
        "building_count": 490,
        "district_count": 4,
        "districts": [
          {
            "name": "Cotton Wall",
            "building_count": 56
          },
          {
            "name": "The Tower",
            "building_count": 200
          },
          {
            "name": "Twilight Edge",
            "building_count": 183
          },
          {
            "name": "Deep Water",
            "building_count": 37
          }
        ]
      },
      "geometry": {
        "type": "Point",
        "coordinates": [
          70.82,
          -64.51
        ]
      }
    },
    {
      "type": "Feature",
      "properties": {
        "Id": "90",
        "Burg": "Mohi",
        "Population": 5999,
        "type": "city",
        "tech": "industrial",
        "endowments": {
          "food": 190,
          "wood": 150,
          "stone": 110,
          "tools": 45,
          "fish": 324,
          "luxury_goods": 87
        },
        "Coastal": true,
        "Mountainous": false,
        "capital": true,
        "port": true,
        "citadel": true,
        "walls": true,
        "plaza": false,
        "temple": false,
        "shanty_town": false,
        "elevation": 81,
        "valley": "Dusk",
        "founded_in": 56,
        "building_count": 727,
        "district_count": 10,
        "districts": [
          {
            "name": "Dark Town",
            "building_count": 247
          },
          {
            "name": "Dark Horns Ward",
            "building_count": 95
          },
          {
            "name": "Salt Docks",
            "building_count": 50
          },
          {
            "name": "North Docks",
            "building_count": 10
          },
          {
            "name": "New Wall",
            "building_count": 103
          },
          {
            "name": "Low Market",
            "building_count": 15
          },
          {
            "name": "East Mohi",
            "building_count": 12
          },
          {
            "name": "Western Docks",
            "building_count": 79
          },
          {
            "name": "Castle",
            "building_count": 1
          },
          {
            "name": "Oak Cross",
            "building_count": 108
          }
        ]
      },
      "geometry": {
        "type": "Point",
        "coordinates": [
          95.78,
          -3.35
        ]
      }
    },
    {
      "type": "Feature",
      "properties": {
        "Id": "8",
        "Burg": "Atsa",
        "Population": 5852,
        "type": "city",
        "tech": "industrial",
        "endowments": {
          "food": 134,
          "wood": 104,
          "stone": 64,
          "luxury_goods": 64
        },
        "Coastal": false,
        "Mountainous": false,
        "capital": true,
        "port": false,
        "citadel": true,
        "walls": true,
        "plaza": false,
        "temple": false,
        "shanty_town": false,
        "elevation": 4,
        "valley": "Night",
        "founded_in": 169,
        "building_count": 677,
        "district_count": 7,
        "districts": [
          {
            "name": "Clay Rock",
            "building_count": 111
          },
          {
            "name": "Fairy Market",
            "building_count": 89
          },
          {
            "name": "Citadel",
            "building_count": 1
          },
          {
            "name": "Darkwind Road",
            "building_count": 60
          },
          {
            "name": "Greengate",
            "building_count": 174
          },
          {
            "name": "Eastern Atsa",
            "building_count": 12
          },
          {
            "name": "Ivy Road",
            "building_count": 223
          }
        ]
      },
      "geometry": {
        "type": "Point",
        "coordinates": [
          -5.38,
          59.98
        ]
      }
    },
    {
      "type": "Feature",
      "properties": {
        "Id": "112",
        "Burg": "Riroku",
        "Population": 5787,
        "type": "city",
        "tech": "medieval",
        "endowments": {
          "food": 184,
          "wood": 120,
          "stone": 82,
          "tools": 42,
          "fish": 283
        },
        "Coastal": true,
        "Mountainous": false,
        "capital": false,
        "port": true,
        "citadel": true,
        "walls": true,
        "plaza": false,
        "temple": false,
        "shanty_town": false,
        "elevation": 4,
        "valley": "Dusk",
        "founded_in": 106,
        "building_count": 910,
        "district_count": 8,
        "districts": [
          {
            "name": "Middle Road",
            "building_count": 734
          },
          {
            "name": "Castle",
            "building_count": 1
          },
          {
            "name": "Southern Docks",
            "building_count": 64
          },
          {
            "name": "Black Docks",
            "building_count": 8
          },
          {
            "name": "Ashsoul Borough",
            "building_count": 13
          },
          {
            "name": "Greyway Bridge",
            "building_count": 16
          },
          {
            "name": "Old Crossing",
            "building_count": 21
          },
          {
            "name": "New Riroku",
            "building_count": 35
          }
        ]
      },
      "geometry": {
        "type": "Point",
        "coordinates": [
          81.11,
          68.22
        ]
      }
    },
    {
      "type": "Feature",
      "properties": {
        "Id": "67",
        "Burg": "Kolli",
        "Population": 5658,
        "type": "city",
        "tech": "medieval",
        "endowments": {
          "food": 96,
          "wood": 136,
          "stone": 56,
          "luxury_goods": 47
        },
        "Coastal": false,
        "Mountainous": false,
        "capital": false,
        "port": false,
        "citadel": true,
        "walls": false,
        "plaza": false,
        "temple": false,
        "shanty_town": false,
        "elevation": 4,
        "valley": "Night",
        "founded_in": 130,
        "building_count": 432,
        "district_count": 5,
        "districts": [
          {
            "name": "Old Kolli",
            "building_count": 112
          },
          {
            "name": "Cloudwell Ward",
            "building_count": 25
          },
          {
            "name": "Castle District",
            "building_count": 64
          },
          {
            "name": "Cherry Forge",
            "building_count": 73
          },
          {
            "name": "Two Heaths",
            "building_count": 124
          }
        ]
      },
      "geometry": {
        "type": "Point",
        "coordinates": [
          33.11,
          53.25
        ]
      }
    },
    {
      "type": "Feature",
      "properties": {
        "Id": "126",
        "Burg": "Tlida",
        "Population": 5514,
        "type": "city",
        "tech": "medieval",
        "endowments": {
          "food": 130,
          "wood": 146,
          "stone": 68,
          "tools": 53,
          "luxury_goods": 52
        },
        "Coastal": false,
        "Mountainous": false,
        "capital": true,
        "port": false,
        "citadel": false,
        "walls": false,
        "plaza": false,
        "temple": false,
        "shanty_town": false,
        "elevation": 64,
        "valley": "Dusk",
        "founded_in": 50,
        "building_count": 473,
        "district_count": 4,
        "districts": [
          {
            "name": "Trade District",
            "building_count": 179
          },
          {
            "name": "Pearl Cross",
            "building_count": 56
          },
          {
            "name": "East Pass",
            "building_count": 73
          },
          {
            "name": "Redcrest Stair",
            "building_count": 154
          }
        ]
      },
      "geometry": {
        "type": "Point",
        "coordinates": [
          113.52,
          -6.91
        ]
      }
    },
    {
      "type": "Feature",
      "properties": {
        "Id": "58",
        "Burg": "Ithiu",
        "Population": 5465,
        "type": "city",
        "tech": "medieval",
        "endowments": {
          "food": 142,
          "wood": 72,
          "stone": 44,
          "luxury_goods": 56
        },
        "Coastal": false,
        "Mountainous": false,
        "capital": true,
        "port": false,
        "citadel": true,
        "walls": false,
        "plaza": false,
        "temple": false,
        "shanty_town": false,
        "elevation": 4,
        "valley": "Night",
        "founded_in": 172,
        "building_count": 386,
        "district_count": 3,
        "districts": [
          {
            "name": "Great Mire",
            "building_count": 156
          },
          {
            "name": "Dark Shrine",
            "building_count": 220
          },
          {
            "name": "Citadel",
            "building_count": 1
          }
        ]
      },
      "geometry": {
        "type": "Point",
        "coordinates": [
          -10.13,
          69.75
        ]
      }
    },
    {
      "type": "Feature",
      "properties": {
        "Id": "50",
        "Burg": "Hamapurara",
        "Population": 5429,
        "type": "city",
        "tech": "medieval",
        "endowments": {
          "food": 124,
          "wood": 108,
          "stone": 40,
          "luxury_goods": 32
        },
        "Coastal": false,
        "Mountainous": false,
        "capital": false,
        "port": false,
        "citadel": false,
        "walls": false,
        "plaza": true,
        "temple": false,
        "shanty_town": false,
        "elevation": 4,
        "valley": "Night",
        "founded_in": 130,
        "building_count": 357,
        "district_count": 3,
        "districts": [
          {
            "name": "Potters Borough",
            "building_count": 108
          },
          {
            "name": "Elm Fair",
            "building_count": 135
          },
          {
            "name": "Bards Court",
            "building_count": 103
          }
        ]
      },
      "geometry": {
        "type": "Point",
        "coordinates": [
          35.03,
          76.88
        ]
      }
    },
    {
      "type": "Feature",
      "properties": {
        "Id": "136",
        "Burg": "Veren",
        "Population": 5369,
        "type": "city",
        "tech": "medieval",
        "endowments": {
          "food": 303,
          "wood": 108,
          "stone": 64
        },
        "Coastal": false,
        "Mountainous": false,
        "capital": false,
        "port": false,
        "citadel": true,
        "walls": false,
        "plaza": true,
        "temple": false,
        "shanty_town": false,
        "elevation": 225,
        "valley": "Day",
        "founded_in": 161,
        "building_count": 299,
        "district_count": 5,
        "districts": [
          {
            "name": "Fenbark Reach",
            "building_count": 71
          },
          {
            "name": "Citadel",
            "building_count": 1
          },
          {
            "name": "Twin Springs",
            "building_count": 110
          },
          {
            "name": "Greenway Knot",
            "building_count": 34
          },
          {
            "name": "Blue Mile",
            "building_count": 68
          }
        ]
      },
      "geometry": {
        "type": "Point",
        "coordinates": [
          6.83,
          -36.88
        ]
      }
    },
    {
      "type": "Feature",
      "properties": {
        "Id": "95",
        "Burg": "Nyirfalmasle",
        "Population": 5052,
        "type": "city",
        "tech": "medieval",
        "endowments": {
          "food": 154,
          "wood": 140,
          "stone": 120,
          "tools": 53
        },
        "Coastal": false,
        "Mountainous": false,
        "capital": false,
        "port": false,
        "citadel": false,
        "walls": false,
        "plaza": true,
        "temple": false,
        "shanty_town": false,
        "elevation": 121,
        "valley": "Dusk",
        "founded_in": 99,
        "building_count": 320,
        "district_count": 5,
        "districts": [
          {
            "name": "Market Ward",
            "building_count": 32
          },
          {
            "name": "Middle Mile",
            "building_count": 60
          },
          {
            "name": "Pearl Forge",
            "building_count": 71
          },
          {
            "name": "Cherry Brook",
            "building_count": 67
          },
          {
            "name": "Dawn Hill",
            "building_count": 71
          }
        ]
      },
      "geometry": {
        "type": "Point",
        "coordinates": [
          53.88,
          -2.01
        ]
      }
    },
    {
      "type": "Feature",
      "properties": {
        "Id": "104",
        "Burg": "Pigna",
        "Population": 4930,
        "type": "city",
        "tech": "medieval",
        "endowments": {
          "food": 110,
          "wood": 126,
          "stone": 46,
          "tools": 75
        },
        "Coastal": false,
        "Mountainous": false,
        "capital": false,
        "port": false,
        "citadel": true,
        "walls": true,
        "plaza": true,
        "temple": false,
        "shanty_town": false,
        "elevation": 64,
        "valley": "Dawn",
        "founded_in": 180,
        "building_count": 508,
        "district_count": 7,
        "districts": [
          {
            "name": "Spice Rock",
            "building_count": 299
          },
          {
            "name": "Castle",
            "building_count": 1
          },
          {
            "name": "East Village",
            "building_count": 14
          },
          {
            "name": "Greybloom Gate",
            "building_count": 66
          },
          {
            "name": "Stone Cliff",
            "building_count": 11
          },
          {
            "name": "Northern Pigna",
            "building_count": 31
          },
          {
            "name": "Feygate",
            "building_count": 87
          }
        ]
      },
      "geometry": {
        "type": "Point",
        "coordinates": [
          -28.2,
          44.21
        ]
      }
    },
    {
      "type": "Feature",
      "properties": {
        "Id": "19",
        "Burg": "Bifjorda",
        "Population": 4887,
        "type": "city",
        "tech": "medieval",
        "endowments": {
          "food": 122,
          "wood": 102,
          "stone": 94,
          "tools": 40
        },
        "Coastal": false,
        "Mountainous": false,
        "capital": false,
        "port": false,
        "citadel": true,
        "walls": true,
        "plaza": true,
        "temple": false,
        "shanty_town": false,
        "elevation": 121,
        "valley": "Dusk",
        "founded_in": 86,
        "building_count": 559,
        "district_count": 7,
        "districts": [
          {
            "name": "North Yard",
            "building_count": 277
          },
          {
            "name": "Redgate",
            "building_count": 128
          },
          {
            "name": "Cherry Bridge",
            "building_count": 36
          },
          {
            "name": "Silk Road",
            "building_count": 43
          },
          {
            "name": "West Bifjorda",
            "building_count": 15
          },
          {
            "name": "Castle",
            "building_count": 1
          },
          {
            "name": "Red Court",
            "building_count": 55
          }
        ]
      },
      "geometry": {
        "type": "Point",
        "coordinates": [
          69.76,
          0.52
        ]
      }
    },
    {
      "type": "Feature",
      "properties": {
        "Id": "134",
        "Burg": "Valvi",
        "Population": 4741,
        "type": "city",
        "tech": "medieval",
        "endowments": {
          "food": 190,
          "wood": 82,
          "stone": 118,
          "luxury_goods": 40
        },
        "Coastal": false,
        "Mountainous": false,
        "capital": false,
        "port": false,
        "citadel": false,
        "walls": false,
        "plaza": false,
        "temple": false,
        "shanty_town": false,
        "elevation": 25,
        "valley": "Night",
        "founded_in": 113,
        "building_count": 231,
        "district_count": 3,
        "districts": [
          {
            "name": "Merchants District",
            "building_count": 81
          },
          {
            "name": "Pearl Arch",
            "building_count": 83
          },
          {
            "name": "Skybloom Hill",
            "building_count": 66
          }
        ]
      },
      "geometry": {
        "type": "Point",
        "coordinates": [
          51.77,
          52.77
        ]
      }
    },
    {
      "type": "Feature",
      "properties": {
        "Id": "70",
        "Burg": "Kudina",
        "Population": 4616,
        "type": "city",
        "tech": "medieval",
        "endowments": {
          "food": 98,
          "wood": 148,
          "stone": 50,
          "luxury_goods": 70,
          "fish": 244
        },
        "Coastal": true,
        "Mountainous": false,
        "capital": false,
        "port": true,
        "citadel": true,
        "walls": true,
        "plaza": true,
        "temple": false,
        "shanty_town": false,
        "elevation": 4,
        "valley": "Night",
        "founded_in": 143,
        "building_count": 544,
        "district_count": 11,
        "districts": [
          {
            "name": "Wool Forge",
            "building_count": 93
          },
          {
            "name": "Castle",
            "building_count": 1
          },
          {
            "name": "Starsoul Village",
            "building_count": 120
          },
          {
            "name": "Spice Church",
            "building_count": 57
          },
          {
            "name": "Farmers Gate",
            "building_count": 32
          },
          {
            "name": "Misty Park",
            "building_count": 25
          },
          {
            "name": "Rose Court",
            "building_count": 73
          },
          {
            "name": "Egg Docks",
            "building_count": 5
          },
          {
            "name": "Western Docks",
            "building_count": 50
          },
          {
            "name": "Redway Streets",
            "building_count": 46
          },
          {
            "name": "Eastern Slums",
            "building_count": 42
          }
        ]
      },
      "geometry": {
        "type": "Point",
        "coordinates": [
          15.79,
          81.9
        ]
      }
    },
    {
      "type": "Feature",
      "properties": {
        "Id": "13",
        "Burg": "Balashee",
        "Population": 4523,
        "type": "city",
        "tech": "medieval",
        "endowments": {
          "food": 118,
          "wood": 148,
          "stone": 86,
          "tools": 66
        },
        "Coastal": false,
        "Mountainous": false,
        "capital": false,
        "port": false,
        "citadel": true,
        "walls": false,
        "plaza": false,
        "temple": false,
        "shanty_town": false,
        "elevation": 121,
        "valley": "Dusk",
        "founded_in": 97,
        "building_count": 367,
        "district_count": 2,
        "districts": [
          {
            "name": "Pearl Forge",
            "building_count": 311
          },
          {
            "name": "Military Ward",
            "building_count": 44
          }
        ]
      },
      "geometry": {
        "type": "Point",
        "coordinates": [
          84.49,
          45.22
        ]
      }
    },
    {
      "type": "Feature",
      "properties": {
        "Id": "24",
        "Burg": "Bungomo",
        "Population": 4486,
        "type": "city",
        "tech": "medieval",
        "endowments": {
          "food": 172,
          "wood": 130,
          "stone": 56,
          "luxury_goods": 50
        },
        "Coastal": false,
        "Mountainous": false,
        "capital": false,
        "port": false,
        "citadel": true,
        "walls": true,
        "plaza": false,
        "temple": false,
        "shanty_town": false,
        "elevation": 4,
        "valley": "Night",
        "founded_in": 122,
        "building_count": 607,
        "district_count": 8,
        "districts": [
          {
            "name": "Elm Crown",
            "building_count": 118
          },
          {
            "name": "Noon Ridge",
            "building_count": 159
          },
          {
            "name": "Free Reach",
            "building_count": 144
          },
          {
            "name": "White Crossing",
            "building_count": 70
          },
          {
            "name": "Fish Lodge",
            "building_count": 19
          },
          {
            "name": "Castle",
            "building_count": 1
          },
          {
            "name": "Blackchurch Bridge",
            "building_count": 35
          },
          {
            "name": "Eastern Bungomo",
            "building_count": 57
          }
        ]
      },
      "geometry": {
        "type": "Point",
        "coordinates": [
          55.14,
          77.8
        ]
      }
    },
    {
      "type": "Feature",
      "properties": {
        "Id": "79",
        "Burg": "Likzib",
        "Population": 4481,
        "type": "city",
        "tech": "medieval",
        "endowments": {
          "food": 177,
          "wood": 112,
          "stone": 88
        },
        "Coastal": false,
        "Mountainous": false,
        "capital": false,
        "port": false,
        "citadel": true,
        "walls": false,
        "plaza": false,
        "temple": false,
        "shanty_town": false,
        "elevation": 144,
        "valley": "Day",
        "founded_in": 134,
        "building_count": 339,
        "district_count": 4,
        "districts": [
          {
            "name": "Old District",
            "building_count": 86
          },
          {
            "name": "Spirit Field",
            "building_count": 62
          },
          {
            "name": "The Horn",
            "building_count": 128
          },
          {
            "name": "Military Ward",
            "building_count": 56
          }
        ]
      },
      "geometry": {
        "type": "Point",
        "coordinates": [
          23.01,
          -75.99
        ]
      }
    },
    {
      "type": "Feature",
      "properties": {
        "Id": "2",
        "Burg": "Aiya",
        "Population": 4397,
        "type": "city",
        "tech": "medieval",
        "endowments": {
          "food": 166,
          "wood": 134,
          "stone": 58,
          "tools": 80
        },
        "Coastal": false,
        "Mountainous": false,
        "capital": false,
        "port": false,
        "citadel": false,
        "walls": false,
        "plaza": false,
        "temple": false,
        "shanty_town": false,
        "elevation": 169,
        "valley": "Dusk",
        "founded_in": 112,
        "building_count": 350,
        "district_count": 3,
        "districts": [
          {
            "name": "Old Aiya",
            "building_count": 96
          },
          {
            "name": "Bright Sprawl",
            "building_count": 195
          },
          {
            "name": "Blue Garden",
            "building_count": 53
          }
        ]
      },
      "geometry": {
        "type": "Point",
        "coordinates": [
          69.08,
          59.08
        ]
      }
    },
    {
      "type": "Feature",
      "properties": {
        "Id": "22",
        "Burg": "Briarviles",
        "Population": 4335,
        "type": "city",
        "tech": "medieval",
        "endowments": {
          "food": 120,
          "wood": 100,
          "stone": 90,
          "tools": 42,
          "fish": 342
        },
        "Coastal": true,
        "Mountainous": false,
        "capital": false,
        "port": true,
        "citadel": true,
        "walls": true,
        "plaza": false,
        "temple": false,
        "shanty_town": false,
        "elevation": 144,
        "valley": "Dusk",
        "founded_in": 79,
        "building_count": 598,
        "district_count": 5,
        "districts": [
          {
            "name": "Pale Tower",
            "building_count": 300
          },
          {
            "name": "Castle",
            "building_count": 1
          },
          {
            "name": "Harbour Ward",
            "building_count": 152
          },
          {
            "name": "Cherry Gate",
            "building_count": 73
          },
          {
            "name": "The Slums",
            "building_count": 73
          }
        ]
      },
      "geometry": {
        "type": "Point",
        "coordinates": [
          81.74,
          15.43
        ]
      }
    },
    {
      "type": "Feature",
      "properties": {
        "Id": "28",
        "Burg": "Chitna",
        "Population": 4334,
        "type": "city",
        "tech": "medieval",
        "endowments": {
          "food": 202,
          "wood": 112,
          "stone": 90,
          "luxury_goods": 31
        },
        "Coastal": false,
        "Mountainous": false,
        "capital": false,
        "port": false,
        "citadel": true,
        "walls": false,
        "plaza": false,
        "temple": false,
        "shanty_town": false,
        "elevation": 784,
        "valley": "Night",
        "founded_in": 165,
        "building_count": 310,
        "district_count": 3,
        "districts": [
          {
            "name": "Old Chitna",
            "building_count": 102
          },
          {
            "name": "Bone District",
            "building_count": 142
          },
          {
            "name": "Bright Town",
            "building_count": 58
          }
        ]
      },
      "geometry": {
        "type": "Point",
        "coordinates": [
          -2.96,
          44.3
        ]
      }
    },
    {
      "type": "Feature",
      "properties": {
        "Id": "21",
        "Burg": "Borgloy",
        "Population": 4225,
        "type": "city",
        "tech": "medieval",
        "endowments": {
          "food": 118,
          "wood": 110,
          "stone": 84,
          "iron_ore": 58,
          "tools": 39
        },
        "Coastal": false,
        "Mountainous": false,
        "capital": false,
        "port": false,
        "citadel": true,
        "walls": true,
        "plaza": true,
        "temple": false,
        "shanty_town": false,
        "elevation": 1089,
        "valley": "Dusk",
        "founded_in": 106,
        "building_count": 487,
        "district_count": 6,
        "districts": [
          {
            "name": "Old Borgloy",
            "building_count": 91
          },
          {
            "name": "Starway",
            "building_count": 34
          },
          {
            "name": "Littlegate",
            "building_count": 187
          },
          {
            "name": "Castle Ward",
            "building_count": 64
          },
          {
            "name": "Twilight Reach",
            "building_count": 9
          },
          {
            "name": "Oak Way",
            "building_count": 96
          }
        ]
      },
      "geometry": {
        "type": "Point",
        "coordinates": [
          47.64,
          19.83
        ]
      }
    },
    {
      "type": "Feature",
      "properties": {
        "Id": "7",
        "Burg": "Atar",
        "Population": 4218,
        "type": "city",
        "tech": "industrial",
        "endowments": {
          "food": 180,
          "wood": 120,
          "stone": 116,
          "luxury_goods": 67
        },
        "Coastal": false,
        "Mountainous": false,
        "capital": true,
        "port": false,
        "citadel": false,
        "walls": true,
        "plaza": false,
        "temple": false,
        "shanty_town": false,
        "elevation": 961,
        "valley": "Day",
        "founded_in": 174,
        "building_count": 704,
        "district_count": 8,
        "districts": [
          {
            "name": "Black Vale",
            "building_count": 110
          },
          {
            "name": "Greywood Shade",
            "building_count": 126
          },
          {
            "name": "Blue Fair",
            "building_count": 95
          },
          {
            "name": "Northern Slums",
            "building_count": 17
          },
          {
            "name": "Deep Road",
            "building_count": 75
          },
          {
            "name": "Starkey Gate",
            "building_count": 134
          },
          {
            "name": "Whitegate",
            "building_count": 113
          },
          {
            "name": "Green End",
            "building_count": 32
          }
        ]
      },
      "geometry": {
        "type": "Point",
        "coordinates": [
          -36.12,
          -60.54
        ]
      }
    },
    {
      "type": "Feature",
      "properties": {
        "Id": "59",
        "Burg": "Itia",
        "Population": 4209,
        "type": "city",
        "tech": "medieval",
        "endowments": {
          "food": 144,
          "wood": 70,
          "stone": 56,
          "luxury_goods": 81
        },
        "Coastal": false,
        "Mountainous": false,
        "capital": true,
        "port": false,
        "citadel": false,
        "walls": false,
        "plaza": false,
        "temple": false,
        "shanty_town": false,
        "elevation": 64,
        "valley": "Night",
        "founded_in": 122,
        "building_count": 239,
        "district_count": 4,
        "districts": [
          {
            "name": "Old District",
            "building_count": 69
          },
          {
            "name": "Old Tower",
            "building_count": 71
          },
          {
            "name": "Daggertide",
            "building_count": 46
          },
          {
            "name": "High Mire",
            "building_count": 39
          }
        ]
      },
      "geometry": {
        "type": "Point",
        "coordinates": [
          64.34,
          86.93
        ]
      }
    },
    {
      "type": "Feature",
      "properties": {
        "Id": "10",
        "Burg": "Aurola",
        "Population": 4172,
        "type": "city",
        "tech": "medieval",
        "endowments": {
          "food": 206,
          "wood": 140,
          "stone": 86,
          "tools": 64
        },
        "Coastal": false,
        "Mountainous": false,
        "capital": false,
        "port": false,
        "citadel": true,
        "walls": true,
        "plaza": false,
        "temple": false,
        "shanty_town": false,
        "elevation": 9,
        "valley": "Dawn",
        "founded_in": 180,
        "building_count": 455,
        "district_count": 7,
        "districts": [
          {
            "name": "Daggerchurch Church",
            "building_count": 74
          },
          {
            "name": "Little Hook",
            "building_count": 161
          },
          {
            "name": "Northern Aurola",
            "building_count": 60
          },
          {
            "name": "Citadel",
            "building_count": 1
          },
          {
            "name": "Egg Road",
            "building_count": 90
          },
          {
            "name": "Smugglers Yard",
            "building_count": 12
          },
          {
            "name": "Honey Mill",
            "building_count": 57
          }
        ]
      },
      "geometry": {
        "type": "Point",
        "coordinates": [
          -32.27,
          -38.74
        ]
      }
    },
    {
      "type": "Feature",
      "properties": {
        "Id": "71",
        "Burg": "Kukar",
        "Population": 4144,
        "type": "city",
        "tech": "medieval",
        "endowments": {
          "food": 116,
          "wood": 82,
          "stone": 94,
          "tools": 46,
          "luxury_goods": 100
        },
        "Coastal": false,
        "Mountainous": false,
        "capital": true,
        "port": false,
        "citadel": false,
        "walls": false,
        "plaza": false,
        "temple": false,
        "shanty_town": false,
        "elevation": 4,
        "valley": "Dawn",
        "founded_in": 195,
        "building_count": 293,
        "district_count": 4,
        "districts": [
          {
            "name": "Old District",
            "building_count": 75
          },
          {
            "name": "Cloudbark Row",
            "building_count": 22
          },
          {
            "name": "Glass Shade",
            "building_count": 61
          },
          {
            "name": "Undersoul Court",
            "building_count": 130
          }
        ]
      },
      "geometry": {
        "type": "Point",
        "coordinates": [
          -48.69,
          -21.44
        ]
      }
    },
    {
      "type": "Feature",
      "properties": {
        "Id": "16",
        "Burg": "Beitsa",
        "Population": 4129,
        "type": "city",
        "tech": "medieval",
        "endowments": {
          "food": 312,
          "wood": 136,
          "stone": 68
        },
        "Coastal": false,
        "Mountainous": false,
        "capital": false,
        "port": false,
        "citadel": true,
        "walls": true,
        "plaza": false,
        "temple": false,
        "shanty_town": false,
        "elevation": 64,
        "valley": "Day",
        "founded_in": 130,
        "building_count": 552,
        "district_count": 7,
        "districts": [
          {
            "name": "Old Town",
            "building_count": 222
          },
          {
            "name": "Chicken Cross",
            "building_count": 90
          },
          {
            "name": "Castle",
            "building_count": 1
          },
          {
            "name": "Redgate",
            "building_count": 122
          },
          {
            "name": "Misthill Road",
            "building_count": 55
          },
          {
            "name": "Western Slums",
            "building_count": 9
          },
          {
            "name": "Blue Borough",
            "building_count": 53
          }
        ]
      },
      "geometry": {
        "type": "Point",
        "coordinates": [
          35.11,
          -73.58
        ]
      }
    },
    {
      "type": "Feature",
      "properties": {
        "Id": "132",
        "Burg": "Urir",
        "Population": 4126,
        "type": "city",
        "tech": "medieval",
        "endowments": {
          "food": 153,
          "wood": 136,
          "stone": 80,
          "luxury_goods": 44
        },
        "Coastal": false,
        "Mountainous": false,
        "capital": true,
        "port": false,
        "citadel": false,
        "walls": false,
        "plaza": false,
        "temple": false,
        "shanty_town": false,
        "elevation": 4,
        "valley": "Day",
        "founded_in": 141,
        "building_count": 402,
        "district_count": 4,
        "districts": [
          {
            "name": "Trade District",
            "building_count": 109
          },
          {
            "name": "Oak Rock",
            "building_count": 94
          },
          {
            "name": "Dusk District",
            "building_count": 93
          },
          {
            "name": "Downfall Walk",
            "building_count": 88
          }
        ]
      },
      "geometry": {
        "type": "Point",
        "coordinates": [
          27.04,
          -43.36
        ]
      }
    },
    {
      "type": "Feature",
      "properties": {
        "Id": "97",
        "Burg": "Orve",
        "Population": 3899,
        "type": "city",
        "tech": "medieval",
        "endowments": {
          "food": 104,
          "wood": 111,
          "stone": 107,
          "tools": 62
        },
        "Coastal": false,
        "Mountainous": false,
        "capital": false,
        "port": false,
        "citadel": true,
        "walls": true,
        "plaza": true,
        "temple": false,
        "shanty_town": false,
        "elevation": 64,
        "valley": "Dawn",
        "founded_in": 187,
        "building_count": 416,
        "district_count": 6,
        "districts": [
          {
            "name": "Timber Mill",
            "building_count": 110
          },
          {
            "name": "Brightgate",
            "building_count": 67
          },
          {
            "name": "Deep Park",
            "building_count": 114
          },
          {
            "name": "The Slums",
            "building_count": 13
          },
          {
            "name": "Castle",
            "building_count": 1
          },
          {
            "name": "Downlight Gate",
            "building_count": 110
          }
        ]
      },
      "geometry": {
        "type": "Point",
        "coordinates": [
          -34.78,
          48.44
        ]
      }
    },
    {
      "type": "Feature",
      "properties": {
        "Id": "131",
        "Burg": "Uiaria",
        "Population": 3869,
        "type": "city",
        "tech": "industrial",
        "endowments": {
          "food": 289,
          "wood": 97,
          "stone": 87,
          "iron_ore": 84,
          "luxury_goods": 109
        },
        "Coastal": false,
        "Mountainous": false,
        "capital": true,
        "port": false,
        "citadel": true,
        "walls": false,
        "plaza": true,
        "temple": false,
        "shanty_town": false,
        "elevation": 1024,
        "valley": "Day",
        "founded_in": 99,
        "building_count": 319,
        "district_count": 4,
        "districts": [
          {
            "name": "Old Uiaria",
            "building_count": 140
          },
          {
            "name": "Castle Ward",
            "building_count": 29
          },
          {
            "name": "Rose Cliff",
            "building_count": 75
          },
          {
            "name": "Rainy Vale",
            "building_count": 56
          }
        ]
      },
      "geometry": {
        "type": "Point",
        "coordinates": [
          94.94,
          -59.14
        ]
      }
    },
    {
      "type": "Feature",
      "properties": {
        "Id": "9",
        "Burg": "Auera",
        "Population": 3851,
        "type": "city",
        "tech": "medieval",
        "endowments": {
          "food": 147,
          "wood": 141,
          "stone": 73,
          "luxury_goods": 69
        },
        "Coastal": false,
        "Mountainous": false,
        "capital": true,
        "port": false,
        "citadel": false,
        "walls": false,
        "plaza": false,
        "temple": false,
        "shanty_town": false,
        "elevation": 225,
        "valley": "Day",
        "founded_in": 161,
        "building_count": 362,
        "district_count": 3,
        "districts": [
          {
            "name": "Old Auera",
            "building_count": 139
          },
          {
            "name": "Great Streets",
            "building_count": 199
          },
          {
            "name": "Bright Horn",
            "building_count": 20
          }
        ]
      },
      "geometry": {
        "type": "Point",
        "coordinates": [
          4.68,
          -37.21
        ]
      }
    },
    {
      "type": "Feature",
      "properties": {
        "Id": "128",
        "Burg": "Tsanghom",
        "Population": 3619,
        "type": "city",
        "tech": "medieval",
        "endowments": {
          "food": 95,
          "wood": 133,
          "stone": 106,
          "tools": 59
        },
        "Coastal": false,
        "Mountainous": false,
        "capital": false,
        "port": false,
        "citadel": true,
        "walls": true,
        "plaza": false,
        "temple": false,
        "shanty_town": false,
        "elevation": 64,
        "valley": "Dawn",
        "founded_in": 187,
        "building_count": 336,
        "district_count": 9,
        "districts": [
          {
            "name": "New Park",
            "building_count": 93
          },
          {
            "name": "Stonefire",
            "building_count": 109
          },
          {
            "name": "Fortress",
            "building_count": 1
          },
          {
            "name": "Greatgate",
            "building_count": 60
          },
          {
            "name": "Golden Mill",
            "building_count": 6
          },
          {
            "name": "North Tsanghom",
            "building_count": 20
          },
          {
            "name": "Mooncrest Square",
            "building_count": 17
          },
          {
            "name": "Red Wall",
            "building_count": 15
          },
          {
            "name": "Ashen Quarter",
            "building_count": 5
          }
        ]
      },
      "geometry": {
        "type": "Point",
        "coordinates": [
          -39.06,
          -35.15
        ]
      }
    },
    {
      "type": "Feature",
      "properties": {
        "Id": "94",
        "Burg": "Murmium",
        "Population": 3575,
        "type": "city",
        "tech": "medieval",
        "endowments": {
          "food": 148,
          "wood": 90,
          "stone": 71,
          "tools": 75
        },
        "Coastal": false,
        "Mountainous": false,
        "capital": false,
        "port": false,
        "citadel": false,
        "walls": false,
        "plaza": true,
        "temple": false,
        "shanty_town": false,
        "elevation": 841,
        "valley": "Dawn",
        "founded_in": 177,
        "building_count": 265,
        "district_count": 4,
        "districts": [
          {
            "name": "Trade District",
            "building_count": 23
          },
          {
            "name": "Free Vale",
            "building_count": 79
          },
          {
            "name": "Cattle Garden",
            "building_count": 68
          },
          {
            "name": "The Mill",
            "building_count": 85
          }
        ]
      },
      "geometry": {
        "type": "Point",
        "coordinates": [
          -9.33,
          -11.69
        ]
      }
    },
    {
      "type": "Feature",
      "properties": {
        "Id": "39",
        "Burg": "Enyhazto",
        "Population": 3510,
        "type": "city",
        "tech": "medieval",
        "endowments": {
          "food": 99,
          "wood": 130,
          "stone": 83,
          "tools": 71
        },
        "Coastal": false,
        "Mountainous": false,
        "capital": false,
        "port": false,
        "citadel": true,
        "walls": true,
        "plaza": false,
        "temple": false,
        "shanty_town": false,
        "elevation": 121,
        "valley": "Dusk",
        "founded_in": 75,
        "building_count": 500,
        "district_count": 7,
        "districts": [
          {
            "name": "Ember Horn",
            "building_count": 88
          },
          {
            "name": "Citadel",
            "building_count": 1
          },
          {
            "name": "Dragonkey",
            "building_count": 127
          },
          {
            "name": "Black Wood",
            "building_count": 178
          },
          {
            "name": "Cloudwood Gate",
            "building_count": 34
          },
          {
            "name": "Far Ridge",
            "building_count": 24
          },
          {
            "name": "East Enyhazto",
            "building_count": 47
          }
        ]
      },
      "geometry": {
        "type": "Point",
        "coordinates": [
          77.51,
          -8.66
        ]
      }
    },
    {
      "type": "Feature",
      "properties": {
        "Id": "82",
        "Burg": "Makad",
        "Population": 3327,
        "type": "city",
        "tech": "medieval",
        "endowments": {
          "food": 171,
          "wood": 68,
          "stone": 54
        },
        "Coastal": false,
        "Mountainous": false,
        "capital": false,
        "port": false,
        "citadel": true,
        "walls": true,
        "plaza": true,
        "temple": false,
        "shanty_town": false,
        "elevation": 121,
        "valley": "Day",
        "founded_in": 174,
        "building_count": 483,
        "district_count": 6,
        "districts": [
          {
            "name": "Three Arches",
            "building_count": 173
          },
          {
            "name": "Daggerwell Reach",
            "building_count": 228
          },
          {
            "name": "Castle",
            "building_count": 1
          },
          {
            "name": "Grimway Ward",
            "building_count": 17
          },
          {
            "name": "Old Well",
            "building_count": 29
          },
          {
            "name": "East Slums",
            "building_count": 31
          }
        ]
      },
      "geometry": {
        "type": "Point",
        "coordinates": [
          -36.78,
          -61.73
        ]
      }
    },
    {
      "type": "Feature",
      "properties": {
        "Id": "130",
        "Burg": "Ubahmia",
        "Population": 3220,
        "type": "city",
        "tech": "medieval",
        "endowments": {
          "food": 165,
          "wood": 100,
          "stone": 45,
          "tools": 71,
          "luxury_goods": 84
        },
        "Coastal": false,
        "Mountainous": false,
        "capital": true,
        "port": false,
        "citadel": false,
        "walls": false,
        "plaza": false,
        "temple": false,
        "shanty_town": false,
        "elevation": 49,
        "valley": "Dusk",
        "founded_in": 75,
        "building_count": 241,
        "district_count": 4,
        "districts": [
          {
            "name": "Trade District",
            "building_count": 57
          },
          {
            "name": "Bright Lodge",
            "building_count": 53
          },
          {
            "name": "Forest Hill",
            "building_count": 87
          },
          {
            "name": "Four Crests",
            "building_count": 37
          }
        ]
      },
      "geometry": {
        "type": "Point",
        "coordinates": [
          100.53,
          -22.41
        ]
      }
    },
    {
      "type": "Feature",
      "properties": {
        "Id": "85",
        "Burg": "Mernah",
        "Population": 3175,
        "type": "city",
        "tech": "medieval",
        "endowments": {
          "food": 162,
          "wood": 69,
          "stone": 89
        },
        "Coastal": false,
        "Mountainous": false,
        "capital": false,
        "port": false,
        "citadel": false,
        "walls": true,
        "plaza": false,
        "temple": false,
        "shanty_town": false,
        "elevation": 49,
        "valley": "Day",
        "founded_in": 143,
        "building_count": 408,
        "district_count": 5,
        "districts": [
          {
            "name": "Dark Reach",
            "building_count": 245
          },
          {
            "name": "Silver Gate",
            "building_count": 55
          },
          {
            "name": "Timber Crown",
            "building_count": 8
          },
          {
            "name": "Ashway Gate",
            "building_count": 49
          },
          {
            "name": "North Slums",
            "building_count": 51
          }
        ]
      },
      "geometry": {
        "type": "Point",
        "coordinates": [
          8.83,
          -76.54
        ]
      }
    },
    {
      "type": "Feature",
      "properties": {
        "Id": "49",
        "Burg": "Hajsala",
        "Population": 2817,
        "type": "city",
        "tech": "medieval",
        "endowments": {
          "food": 111,
          "wood": 52,
          "stone": 79,
          "tools": 81
        },
        "Coastal": false,
        "Mountainous": false,
        "capital": false,
        "port": false,
        "citadel": false,
        "walls": false,
        "plaza": true,
        "temple": false,
        "shanty_town": false,
        "elevation": 729,
        "valley": "Dusk",
        "founded_in": 93,
        "building_count": 245,
        "district_count": 4,
        "districts": [
          {
            "name": "Market District",
            "building_count": 58
          },
          {
            "name": "Candlekey Cross",
            "building_count": 39
          },
          {
            "name": "Pale Reach",
            "building_count": 94
          },
          {
            "name": "Blackheart Ward",
            "building_count": 46
          }
        ]
      },
      "geometry": {
        "type": "Point",
        "coordinates": [
          82.37,
          -34.23
        ]
      }
    },
    {
      "type": "Feature",
      "properties": {
        "Id": "119",
        "Burg": "Sobriro",
        "Population": 2652,
        "type": "city",
        "tech": "tribal",
        "endowments": {
          "food": 205,
          "wood": 64,
          "stone": 74
        },
        "Coastal": false,
        "Mountainous": false,
        "capital": false,
        "port": false,
        "citadel": true,
        "walls": false,
        "plaza": false,
        "temple": false,
        "shanty_town": false,
        "elevation": 64,
        "valley": "Day",
        "founded_in": 103,
        "building_count": 187,
        "district_count": 2,
        "districts": [
          {
            "name": "Middle Village",
            "building_count": 180
          },
          {
            "name": "Upper Ward",
            "building_count": 23
          }
        ]
      },
      "geometry": {
        "type": "Point",
        "coordinates": [
          83.85,
          -64.18
        ]
      }
    },
    {
      "type": "Feature",
      "properties": {
        "Id": "32",
        "Burg": "Darvangor",
        "Population": 2313,
        "type": "city",
        "tech": "medieval",
        "endowments": {
          "food": 130,
          "wood": 69,
          "stone": 35
        },
        "Coastal": false,
        "Mountainous": false,
        "capital": false,
        "port": false,
        "citadel": false,
        "walls": false,
        "plaza": true,
        "temple": false,
        "shanty_town": false,
        "elevation": 676,
        "valley": "Day",
        "founded_in": 154,
        "building_count": 212,
        "district_count": 3,
        "districts": [
          {
            "name": "Southern Bridge",
            "building_count": 28
          },
          {
            "name": "New Lodge",
            "building_count": 40
          },
          {
            "name": "Night Field",
            "building_count": 143
          }
        ]
      },
      "geometry": {
        "type": "Point",
        "coordinates": [
          13.84,
          -29.84
        ]
      }
    },
    {
      "type": "Feature",
      "properties": {
        "Id": "43",
        "Burg": "Fibeon",
        "Population": 2202,
        "type": "city",
        "tech": "medieval",
        "endowments": {
          "food": 83,
          "wood": 63,
          "stone": 53,
          "tools": 64,
          "luxury_goods": 91
        },
        "Coastal": false,
        "Mountainous": false,
        "capital": true,
        "port": false,
        "citadel": true,
        "walls": false,
        "plaza": false,
        "temple": false,
        "shanty_town": false,
        "elevation": 400,
        "valley": "Dusk",
        "founded_in": 86,
        "building_count": 202,
        "district_count": 4,
        "districts": [
          {
            "name": "Market District",
            "building_count": 46
          },
          {
            "name": "Forest Mile",
            "building_count": 34
          },
          {
            "name": "Free Ring",
            "building_count": 35
          },
          {
            "name": "Upper District",
            "building_count": 77
          }
        ]
      },
      "geometry": {
        "type": "Point",
        "coordinates": [
          96.9,
          -38.75
        ]
      }
    },
    {
      "type": "Feature",
      "properties": {
        "Id": "114",
        "Burg": "Sa",
        "Population": 2194,
        "type": "city",
        "tech": "medieval",
        "endowments": {
          "food": 92,
          "wood": 90,
          "stone": 62,
          "tools": 79,
          "luxury_goods": 76
        },
        "Coastal": false,
        "Mountainous": false,
        "capital": true,
        "port": false,
        "citadel": true,
        "walls": true,
        "plaza": true,
        "temple": false,
        "shanty_town": false,
        "elevation": 64,
        "valley": "Dawn",
        "founded_in": 192,
        "building_count": 248,
        "district_count": 6,
        "districts": [
          {
            "name": "The Horn",
            "building_count": 151
          },
          {
            "name": "Castle",
            "building_count": 1
          },
          {
            "name": "Artisans Wall",
            "building_count": 18
          },
          {
            "name": "Western Sa",
            "building_count": 31
          },
          {
            "name": "Downtide Hook",
            "building_count": 7
          },
          {
            "name": "New Field",
            "building_count": 39
          }
        ]
      },
      "geometry": {
        "type": "Point",
        "coordinates": [
          -55.4,
          -43.08
        ]
      }
    },
    {
      "type": "Feature",
      "properties": {
        "Id": "133",
        "Burg": "Uyaria",
        "Population": 2111,
        "type": "city",
        "tech": "medieval",
        "endowments": {
          "food": 104,
          "wood": 79,
          "stone": 35,
          "tools": 78,
          "luxury_goods": 46
        },
        "Coastal": false,
        "Mountainous": false,
        "capital": true,
        "port": false,
        "citadel": false,
        "walls": false,
        "plaza": false,
        "temple": false,
        "shanty_town": false,
        "elevation": 121,
        "valley": "Dusk",
        "founded_in": 86,
        "building_count": 282,
        "district_count": 4,
        "districts": [
          {
            "name": "Old Uyaria",
            "building_count": 109
          },
          {
            "name": "Downrise Hill",
            "building_count": 44
          },
          {
            "name": "Peal Ring",
            "building_count": 33
          },
          {
            "name": "Downfall Walk",
            "building_count": 96
          }
        ]
      },
      "geometry": {
        "type": "Point",
        "coordinates": [
          75.1,
          27.16
        ]
      }
    },
    {
      "type": "Feature",
      "properties": {
        "Id": "110",
        "Burg": "Regoes",
        "Population": 2064,
        "type": "city",
        "tech": "medieval",
        "endowments": {
          "food": 160,
          "wood": 45,
          "stone": 36
        },
        "Coastal": false,
        "Mountainous": false,
        "capital": false,
        "port": false,
        "citadel": false,
        "walls": false,
        "plaza": true,
        "temple": false,
        "shanty_town": false,
        "elevation": 25,
        "valley": "Day",
        "founded_in": 113,
        "building_count": 206,
        "district_count": 2,
        "districts": [
          {
            "name": "Red Brook",
            "building_count": 86
          },
          {
            "name": "Black Point",
            "building_count": 117
          }
        ]
      },
      "geometry": {
        "type": "Point",
        "coordinates": [
          71.55,
          -77.31
        ]
      }
    },
    {
      "type": "Feature",
      "properties": {
        "Id": "66",
        "Burg": "Kikoupaupo",
        "Population": 2035,
        "type": "city",
        "tech": "tribal",
        "endowments": {
          "food": 102,
          "wood": 81,
          "stone": 47,
          "tools": 56
        },
        "Coastal": false,
        "Mountainous": false,
        "capital": false,
        "port": false,
        "citadel": false,
        "walls": false,
        "plaza": false,
        "temple": false,
        "shanty_town": false,
        "elevation": 64,
        "valley": "Dusk",
        "founded_in": 50,
        "building_count": 179,
        "district_count": 2,
        "districts": [
          {
            "name": "Old Kikoupaupo",
            "building_count": 106
          },
          {
            "name": "Honey Mill",
            "building_count": 64
          }
        ]
      },
      "geometry": {
        "type": "Point",
        "coordinates": [
          101.48,
          -2.37
        ]
      }
    },
    {
      "type": "Feature",
      "properties": {
        "Id": "36",
        "Burg": "Eliusila",
        "Population": 1913,
        "type": "city",
        "tech": "tribal",
        "endowments": {
          "food": 91,
          "wood": 73,
          "stone": 32,
          "tools": 41
        },
        "Coastal": false,
        "Mountainous": false,
        "capital": false,
        "port": false,
        "citadel": true,
        "walls": false,
        "plaza": true,
        "temple": false,
        "shanty_town": false,
        "elevation": 64,
        "valley": "Dawn",
        "founded_in": 187,
        "building_count": 151,
        "district_count": 4,
        "districts": [
          {
            "name": "Old Eliusila",
            "building_count": 46
          },
          {
            "name": "Grey Square",
            "building_count": 45
          },
          {
            "name": "Citadel",
            "building_count": 1
          },
          {
            "name": "Timber Chapel",
            "building_count": 52
          }
        ]
      },
      "geometry": {
        "type": "Point",
        "coordinates": [
          -34.99,
          -34.43
        ]
      }
    },
    {
      "type": "Feature",
      "properties": {
        "Id": "135",
        "Burg": "Vea",
        "Population": 1883,
        "type": "city",
        "tech": "industrial",
        "endowments": {
          "food": 107,
          "wood": 49,
          "stone": 53,
          "tools": 94,
          "luxury_goods": 122
        },
        "Coastal": false,
        "Mountainous": false,
        "capital": true,
        "port": false,
        "citadel": false,
        "walls": true,
        "plaza": true,
        "temple": false,
        "shanty_town": false,
        "elevation": 4,
        "valley": "Dusk",
        "founded_in": 16,
        "building_count": 372,
        "district_count": 4,
        "districts": [
          {
            "name": "Twilight Gate",
            "building_count": 90
          },
          {
            "name": "Purplegate",
            "building_count": 200
          },
          {
            "name": "East Slums",
            "building_count": 15
          },
          {
            "name": "Forest Gate",
            "building_count": 67
          }
        ]
      },
      "geometry": {
        "type": "Point",
        "coordinates": [
          112.54,
          18.22
        ]
      }
    },
    {
      "type": "Feature",
      "properties": {
        "Id": "56",
        "Burg": "Iinasia",
        "Population": 1873,
        "type": "city",
        "tech": "medieval",
        "endowments": {
          "food": 118,
          "wood": 57,
          "stone": 59,
          "iron_ore": 119,
          "luxury_goods": 74
        },
        "Coastal": false,
        "Mountainous": false,
        "capital": true,
        "port": false,
        "citadel": true,
        "walls": false,
        "plaza": false,
        "temple": false,
        "shanty_town": false,
        "elevation": 1444,
        "valley": "Day",
        "founded_in": 172,
        "building_count": 185,
        "district_count": 3,
        "districts": [
          {
            "name": "Forest Field",
            "building_count": 47
          },
          {
            "name": "Military Ward",
            "building_count": 26
          },
          {
            "name": "Bread Spring",
            "building_count": 109
          }
        ]
      },
      "geometry": {
        "type": "Point",
        "coordinates": [
          -16.28,
          -34.14
        ]
      }
    },
    {
      "type": "Feature",
      "properties": {
        "Id": "1",
        "Burg": "Aira",
        "Population": 1848,
        "type": "city",
        "tech": "medieval",
        "endowments": {
          "food": 113,
          "wood": 56,
          "stone": 63,
          "iron_ore": 86,
          "luxury_goods": 57
        },
        "Coastal": false,
        "Mountainous": true,
        "capital": true,
        "port": false,
        "citadel": true,
        "walls": true,
        "plaza": true,
        "temple": false,
        "shanty_town": false,
        "elevation": 1764,
        "valley": "Night",
        "founded_in": 143,
        "building_count": 272,
        "district_count": 5,
        "districts": [
          {
            "name": "New Arch",
            "building_count": 106
          },
          {
            "name": "Castle Ward",
            "building_count": 58
          },
          {
            "name": "Starwind",
            "building_count": 30
          },
          {
            "name": "Whitegate",
            "building_count": 46
          },
          {
            "name": "West Slums",
            "building_count": 30
          }
        ]
      },
      "geometry": {
        "type": "Point",
        "coordinates": [
          28.43,
          36.24
        ]
      }
    },
    {
      "type": "Feature",
      "properties": {
        "Id": "139",
        "Burg": "Waishan",
        "Population": 1742,
        "type": "city",
        "tech": "tribal",
        "endowments": {
          "food": 77,
          "wood": 69,
          "stone": 29,
          "tools": 79
        },
        "Coastal": false,
        "Mountainous": false,
        "capital": false,
        "port": false,
        "citadel": false,
        "walls": false,
        "plaza": true,
        "temple": false,
        "shanty_town": false,
        "elevation": 4,
        "valley": "Dawn",
        "founded_in": 205,
        "building_count": 166,
        "district_count": 4,
        "districts": [
          {
            "name": "Old Waishan",
            "building_count": 28
          },
          {
            "name": "Deep Mile",
            "building_count": 63
          },
          {
            "name": "Fish Crown",
            "building_count": 42
          },
          {
            "name": "Greensoul Village",
            "building_count": 30
          }
        ]
      },
      "geometry": {
        "type": "Point",
        "coordinates": [
          -67.31,
          -23.67
        ]
      }
    },
    {
      "type": "Feature",
      "properties": {
        "Id": "125",
        "Burg": "Tisvarmend",
        "Population": 1701,
        "type": "city",
        "tech": "tribal",
        "endowments": {
          "food": 100,
          "wood": 57,
          "stone": 33,
          "tools": 78
        },
        "Coastal": false,
        "Mountainous": false,
        "capital": false,
        "port": false,
        "citadel": true,
        "walls": true,
        "plaza": false,
        "temple": false,
        "shanty_town": false,
        "elevation": 324,
        "valley": "Dusk",
        "founded_in": 93,
        "building_count": 186,
        "district_count": 5,
        "districts": [
          {
            "name": "Great Crossing",
            "building_count": 126
          },
          {
            "name": "Green Pass",
            "building_count": 14
          },
          {
            "name": "Castle",
            "building_count": 1
          },
          {
            "name": "Elm Heath",
            "building_count": 28
          },
          {
            "name": "Western Tisvarmend",
            "building_count": 17
          }
        ]
      },
      "geometry": {
        "type": "Point",
        "coordinates": [
          64.43,
          -17.51
        ]
      }
    },
    {
      "type": "Feature",
      "properties": {
        "Id": "25",
        "Burg": "Cajunara",
        "Population": 1700,
        "type": "city",
        "tech": "medieval",
        "endowments": {
          "food": 154,
          "wood": 51,
          "stone": 45
        },
        "Coastal": false,
        "Mountainous": false,
        "capital": false,
        "port": false,
        "citadel": false,
        "walls": true,
        "plaza": true,
        "temple": false,
        "shanty_town": false,
        "elevation": 676,
        "valley": "Day",
        "founded_in": 97,
        "building_count": 363,
        "district_count": 5,
        "districts": [
          {
            "name": "Two Towers",
            "building_count": 265
          },
          {
            "name": "Noon Hook",
            "building_count": 8
          },
          {
            "name": "Purple Wall",
            "building_count": 14
          },
          {
            "name": "Southern Cajunara",
            "building_count": 62
          },
          {
            "name": "West Slums",
            "building_count": 14
          }
        ]
      },
      "geometry": {
        "type": "Point",
        "coordinates": [
          81.31,
          -42.26
        ]
      }
    },
    {
      "type": "Feature",
      "properties": {
        "Id": "86",
        "Burg": "Mevus",
        "Population": 1690,
        "type": "city",
        "tech": "tribal",
        "endowments": {
          "food": 139,
          "wood": 62,
          "stone": 52
        },
        "Coastal": false,
        "Mountainous": false,
        "capital": false,
        "port": false,
        "citadel": false,
        "walls": true,
        "plaza": false,
        "temple": false,
        "shanty_town": false,
        "elevation": 144,
        "valley": "Day",
        "founded_in": 154,
        "building_count": 307,
        "district_count": 7,
        "districts": [
          {
            "name": "Trade District",
            "building_count": 67
          },
          {
            "name": "Night Hook",
            "building_count": 6
          },
          {
            "name": "Grey Road",
            "building_count": 103
          },
          {
            "name": "Greywind Gate",
            "building_count": 79
          },
          {
            "name": "Artisans Wall",
            "building_count": 3
          },
          {
            "name": "Clayway",
            "building_count": 30
          },
          {
            "name": "Western Slums",
            "building_count": 17
          }
        ]
      },
      "geometry": {
        "type": "Point",
        "coordinates": [
          -7.22,
          -75.23
        ]
      }
    },
    {
      "type": "Feature",
      "properties": {
        "Id": "40",
        "Burg": "Ergoigoibar",
        "Population": 1688,
        "type": "city",
        "tech": "tribal",
        "endowments": {
          "food": 100,
          "wood": 69,
          "stone": 33,
          "luxury_goods": 23
        },
        "Coastal": false,
        "Mountainous": false,
        "capital": false,
        "port": false,
        "citadel": false,
        "walls": true,
        "plaza": false,
        "temple": false,
        "shanty_town": false,
        "elevation": 64,
        "valley": "Night",
        "founded_in": 172,
        "building_count": 218,
        "district_count": 6,
        "districts": [
          {
            "name": "Ghost Steps",
            "building_count": 52
          },
          {
            "name": "Chicken Arch",
            "building_count": 51
          },
          {
            "name": "Spice Crown",
            "building_count": 7
          },
          {
            "name": "Highgate",
            "building_count": 34
          },
          {
            "name": "East Slums",
            "building_count": 38
          },
          {
            "name": "Black Walk",
            "building_count": 28
          }
        ]
      },
      "geometry": {
        "type": "Point",
        "coordinates": [
          -13.92,
          81.2
        ]
      }
    },
    {
      "type": "Feature",
      "properties": {
        "Id": "44",
        "Burg": "Fonte",
        "Population": 1684,
        "type": "city",
        "tech": "medieval",
        "endowments": {
          "food": 86,
          "wood": 69,
          "stone": 49,
          "tools": 78
        },
        "Coastal": true,
        "Mountainous": false,
        "capital": false,
        "port": false,
        "citadel": true,
        "walls": false,
        "plaza": true,
        "temple": false,
        "shanty_town": false,
        "elevation": 64,
        "valley": "Dawn",
        "founded_in": 192,
        "building_count": 203,
        "district_count": 3,
        "districts": [
          {
            "name": "Trade District",
            "building_count": 38
          },
          {
            "name": "Apple Arch",
            "building_count": 90
          },
          {
            "name": "Castle District",
            "building_count": 69
          }
        ]
      },
      "geometry": {
        "type": "Point",
        "coordinates": [
          -41.18,
          36.76
        ]
      }
    },
    {
      "type": "Feature",
      "properties": {
        "Id": "84",
        "Burg": "Mbale",
        "Population": 1661,
        "type": "city",
        "tech": "tribal",
        "endowments": {
          "food": 112,
          "wood": 65,
          "stone": 43,
          "luxury_goods": 39
        },
        "Coastal": false,
        "Mountainous": false,
        "capital": false,
        "port": false,
        "citadel": true,
        "walls": false,
        "plaza": false,
        "temple": false,
        "shanty_town": false,
        "elevation": 4,
        "valley": "Night",
        "founded_in": 121,
        "building_count": 152,
        "district_count": 4,
        "districts": [
          {
            "name": "Fenhill Wall",
            "building_count": 45
          },
          {
            "name": "The Horns",
            "building_count": 87
          },
          {
            "name": "Night Steps",
            "building_count": 14
          },
          {
            "name": "Castle",
            "building_count": 1
          }
        ]
      },
      "geometry": {
        "type": "Point",
        "coordinates": [
          53.06,
          67.55
        ]
      }
    },
    {
      "type": "Feature",
      "properties": {
        "Id": "17",
        "Burg": "Bellikavima",
        "Population": 1660,
        "type": "city",
        "tech": "tribal",
        "endowments": {
          "food": 92,
          "wood": 70,
          "stone": 44,
          "luxury_goods": 75
        },
        "Coastal": false,
        "Mountainous": false,
        "capital": false,
        "port": false,
        "citadel": true,
        "walls": false,
        "plaza": true,
        "temple": false,
        "shanty_town": false,
        "elevation": 4,
        "valley": "Night",
        "founded_in": 161,
        "building_count": 120,
        "district_count": 3,
        "districts": [
          {
            "name": "Old District",
            "building_count": 45
          },
          {
            "name": "Castle Ward",
            "building_count": 22
          },
          {
            "name": "Black Hill",
            "building_count": 44
          }
        ]
      },
      "geometry": {
        "type": "Point",
        "coordinates": [
          5.13,
          43.47
        ]
      }
    },
    {
      "type": "Feature",
      "properties": {
        "Id": "123",
        "Burg": "Tetonykut",
        "Population": 1654,
        "type": "city",
        "tech": "tribal",
        "endowments": {
          "food": 73,
          "wood": 70,
          "stone": 50,
          "tools": 50
        },
        "Coastal": false,
        "Mountainous": false,
        "capital": false,
        "port": false,
        "citadel": false,
        "walls": true,
        "plaza": false,
        "temple": false,
        "shanty_town": false,
        "elevation": 361,
        "valley": "Dusk",
        "founded_in": 86,
        "building_count": 342,
        "district_count": 5,
        "districts": [
          {
            "name": "Cattle Mill",
            "building_count": 107
          },
          {
            "name": "White Town",
            "building_count": 126
          },
          {
            "name": "East Tetonykut",
            "building_count": 40
          },
          {
            "name": "The Forge",
            "building_count": 10
          },
          {
            "name": "Wolfwind District",
            "building_count": 58
          }
        ]
      },
      "geometry": {
        "type": "Point",
        "coordinates": [
          100.49,
          -37.84
        ]
      }
    },
    {
      "type": "Feature",
      "properties": {
        "Id": "63",
        "Burg": "Jining",
        "Population": 1626,
        "type": "city",
        "tech": "tribal",
        "endowments": {
          "food": 76,
          "wood": 75,
          "stone": 46,
          "tools": 35
        },
        "Coastal": false,
        "Mountainous": false,
        "capital": false,
        "port": false,
        "citadel": true,
        "walls": true,
        "plaza": false,
        "temple": false,
        "shanty_town": false,
        "elevation": 289,
        "valley": "Dawn",
        "founded_in": 199,
        "building_count": 234,
        "district_count": 8,
        "districts": [
          {
            "name": "Hermits Mire",
            "building_count": 56
          },
          {
            "name": "Bright Horn",
            "building_count": 61
          },
          {
            "name": "Green Springs District",
            "building_count": 30
          },
          {
            "name": "Little Grove",
            "building_count": 24
          },
          {
            "name": "Citadel",
            "building_count": 1
          },
          {
            "name": "Fish Church",
            "building_count": 15
          },
          {
            "name": "West Jining",
            "building_count": 17
          },
          {
            "name": "The Court",
            "building_count": 29
          }
        ]
      },
      "geometry": {
        "type": "Point",
        "coordinates": [
          -50.35,
          28.33
        ]
      }
    },
    {
      "type": "Feature",
      "properties": {
        "Id": "15",
        "Burg": "Bazujduzeszeg",
        "Population": 1576,
        "type": "city",
        "tech": "tribal",
        "endowments": {
          "food": 95,
          "wood": 49,
          "stone": 28,
          "tools": 64
        },
        "Coastal": false,
        "Mountainous": false,
        "capital": false,
        "port": false,
        "citadel": true,
        "walls": false,
        "plaza": false,
        "temple": false,
        "shanty_town": false,
        "elevation": 121,
        "valley": "Dusk",
        "founded_in": 75,
        "building_count": 168,
        "district_count": 3,
        "districts": [
          {
            "name": "Upper Ward",
            "building_count": 24
          },
          {
            "name": "Red Mile",
            "building_count": 35
          },
          {
            "name": "Cattle Cliff",
            "building_count": 104
          }
        ]
      },
      "geometry": {
        "type": "Point",
        "coordinates": [
          85.1,
          -16.65
        ]
      }
    },
    {
      "type": "Feature",
      "properties": {
        "Id": "121",
        "Burg": "Szargony",
        "Population": 1547,
        "type": "city",
        "tech": "tribal",
        "endowments": {
          "food": 103,
          "wood": 56,
          "stone": 51,
          "tools": 64
        },
        "Coastal": false,
        "Mountainous": false,
        "capital": false,
        "port": false,
        "citadel": false,
        "walls": false,
        "plaza": false,
        "temple": false,
        "shanty_town": false,
        "elevation": 16,
        "valley": "Dusk",
        "founded_in": 93,
        "building_count": 180,
        "district_count": 2,
        "districts": [
          {
            "name": "Underwind Streets",
            "building_count": 85
          },
          {
            "name": "Silver Crown",
            "building_count": 94
          }
        ]
      },
      "geometry": {
        "type": "Point",
        "coordinates": [
          69.83,
          -22.38
        ]
      }
    },
    {
      "type": "Feature",
      "properties": {
        "Id": "77",
        "Burg": "Laizhou",
        "Population": 1024,
        "type": "city",
        "tech": "tribal",
        "endowments": {
          "food": 72,
          "wood": 47,
          "stone": 38,
          "tools": 76
        },
        "Coastal": false,
        "Mountainous": false,
        "capital": false,
        "port": false,
        "citadel": false,
        "walls": false,
        "plaza": false,
        "temple": false,
        "shanty_town": false,
        "elevation": 64,
        "valley": "Dawn",
        "founded_in": 216,
        "building_count": 163,
        "district_count": 2,
        "districts": [
          {
            "name": "Middle Mile",
            "building_count": 79
          },
          {
            "name": "Bone Star",
            "building_count": 81
          }
        ]
      },
      "geometry": {
        "type": "Point",
        "coordinates": [
          -44.75,
          3.78
        ]
      }
    },
    {
      "type": "Feature",
      "properties": {
        "Id": "89",
        "Burg": "Modurelius",
        "Population": 725,
        "type": "village",
        "tech": "tribal",
        "endowments": {
          "food": 60,
          "wood": 59,
          "stone": 26,
          "tools": 89
        },
        "Coastal": false,
        "Mountainous": false,
        "capital": false,
        "port": false,
        "citadel": false,
        "walls": false,
        "plaza": true,
        "temple": false,
        "shanty_town": false,
        "elevation": 64,
        "valley": "Dawn",
        "founded_in": 187,
        "building_count": 90,
        "district_count": 2,
        "districts": [
          {
            "name": "Wine Cross",
            "building_count": 67
          },
          {
            "name": "The Wells",
            "building_count": 18
          }
        ]
      },
      "geometry": {
        "type": "Point",
        "coordinates": [
          -28.9,
          -18.87
        ]
      }
    },
    {
      "type": "Feature",
      "properties": {
        "Id": "91",
        "Burg": "Moki",
        "Population": 708,
        "type": "village",
        "tech": "tribal",
        "endowments": {
          "food": 86,
          "wood": 50,
          "stone": 27,
          "tools": 57
        },
        "Coastal": false,
        "Mountainous": false,
        "capital": false,
        "port": false,
        "citadel": false,
        "walls": false,
        "plaza": true,
        "temple": false,
        "shanty_town": false,
        "elevation": 4,
        "valley": "Dusk",
        "founded_in": 93,
        "building_count": 55,
        "district_count": 3,
        "districts": [
          {
            "name": "Trade Ward",
            "building_count": 25
          },
          {
            "name": "Downwood Point",
            "building_count": 12
          },
          {
            "name": "Apple Crest",
            "building_count": 17
          }
        ]
      },
      "geometry": {
        "type": "Point",
        "coordinates": [
          95.68,
          50.23
        ]
      }
    },
    {
      "type": "Feature",
      "properties": {
        "Id": "41",
        "Burg": "Euata",
        "Population": 519,
        "type": "village",
        "tech": "tribal",
        "endowments": {
          "food": 91,
          "wood": 44,
          "stone": 25,
          "luxury_goods": 86
        },
        "Coastal": false,
        "Mountainous": false,
        "capital": true,
        "port": false,
        "citadel": false,
        "walls": false,
        "plaza": false,
        "temple": false,
        "shanty_town": false,
        "elevation": 729,
        "valley": "Day",
        "founded_in": 169,
        "building_count": 117,
        "district_count": 1,
        "districts": [
          {
            "name": "Euata",
            "building_count": 114
          }
        ]
      },
      "geometry": {
        "type": "Point",
        "coordinates": [
          -0.35,
          -14.03
        ]
      }
    },
    {
      "type": "Feature",
      "properties": {
        "Id": "98",
        "Burg": "Otety",
        "Population": 506,
        "type": "village",
        "tech": "tribal",
        "endowments": {
          "food": 82,
          "wood": 41,
          "stone": 49,
          "iron_ore": 106,
          "luxury_goods": 62
        },
        "Coastal": false,
        "Mountainous": true,
        "capital": true,
        "port": false,
        "citadel": true,
        "walls": false,
        "plaza": false,
        "temple": false,
        "shanty_town": false,
        "elevation": 2704,
        "valley": "Night",
        "founded_in": 172,
        "building_count": 61,
        "district_count": 3,
        "districts": [
          {
            "name": "Old Otety",
            "building_count": 33
          },
          {
            "name": "Twin Rings",
            "building_count": 13
          },
          {
            "name": "Spice Stair",
            "building_count": 13
          }
        ]
      },
      "geometry": {
        "type": "Point",
        "coordinates": [
          -13.48,
          48.11
        ]
      }
    },
    {
      "type": "Feature",
      "properties": {
        "Id": "113",
        "Burg": "Roparia",
        "Population": 219,
        "type": "village",
        "tech": "tribal",
        "endowments": {
          "food": 103,
          "wood": 57,
          "stone": 57,
          "iron_ore": 134,
          "luxury_goods": 94
        },
        "Coastal": false,
        "Mountainous": true,
        "capital": true,
        "port": false,
        "citadel": true,
        "walls": false,
        "plaza": false,
        "temple": false,
        "shanty_town": false,
        "elevation": 3364,
        "valley": "Day",
        "founded_in": 93,
        "building_count": 68,
        "district_count": 1,
        "districts": [
          {
            "name": "Roparia",
            "building_count": 67
          }
        ]
      },
      "geometry": {
        "type": "Point",
        "coordinates": [
          95.08,
          -47.27
        ]
      }
    },
    {
      "type": "Feature",
      "properties": {
        "Id": "54",
        "Burg": "Ian",
        "Population": 208,
        "type": "village",
        "tech": "tribal",
        "endowments": {
          "food": 63,
          "wood": 51,
          "stone": 61,
          "iron_ore": 171,
          "tools": 55,
          "luxury_goods": 81
        },
        "Coastal": false,
        "Mountainous": true,
        "capital": true,
        "port": false,
        "citadel": false,
        "walls": true,
        "plaza": false,
        "temple": false,
        "shanty_town": false,
        "elevation": 3249,
        "valley": "Dusk",
        "founded_in": 113,
        "building_count": 75,
        "district_count": 6,
        "districts": [
          {
            "name": "Old District",
            "building_count": 34
          },
          {
            "name": "Dragonsoul Mire",
            "building_count": 1
          },
          {
            "name": "Bread Lodge",
            "building_count": 4
          },
          {
            "name": "South Ian",
            "building_count": 13
          },
          {
            "name": "Western Slums",
            "building_count": 3
          },
          {
            "name": "Freegate",
            "building_count": 20
          }
        ]
      },
      "geometry": {
        "type": "Point",
        "coordinates": [
          62.52,
          58.58
        ]
      }
    },
    {
      "type": "Feature",
      "properties": {
        "Id": "20",
        "Burg": "Binh_Ninh",
        "Population": 0,
        "type": "village",
        "tech": "medieval",
        "endowments": {
          "food": 62,
          "wood": 58,
          "stone": 35
        },
        "Coastal": false,
        "Mountainous": false,
        "capital": false,
        "port": false,
        "citadel": false,
        "walls": false,
        "plaza": false,
        "temple": false,
        "shanty_town": false,
        "elevation": 0,
        "valley": "",
        "founded_in": 0,
        "building_count": 533,
        "district_count": 5,
        "districts": [
          {
            "name": "Old City",
            "building_count": 69
          },
          {
            "name": "Castle District",
            "building_count": 99
          },
          {
            "name": "Noon Hook",
            "building_count": 108
          },
          {
            "name": "Fenbloom Brook",
            "building_count": 57
          },
          {
            "name": "Starwood Town",
            "building_count": 182
          }
        ]
      },
      "geometry": {
        "type": "Point",
        "coordinates": [
          0,
          0
        ]
      }
    },
    {
      "type": "Feature",
      "properties": {
        "Id": "23",
        "Burg": "Bulekh_Orov",
        "Population": 0,
        "type": "village",
        "tech": "tribal",
        "endowments": {
          "food": 66,
          "wood": 53,
          "stone": 38
        },
        "Coastal": false,
        "Mountainous": false,
        "capital": false,
        "port": false,
        "citadel": false,
        "walls": false,
        "plaza": false,
        "temple": false,
        "shanty_town": false,
        "elevation": 0,
        "valley": "",
        "founded_in": 0,
        "building_count": 68,
        "district_count": 2,
        "districts": [
          {
            "name": "Apple Cross",
            "building_count": 47
          },
          {
            "name": "Elmbridge",
            "building_count": 12
          }
        ]
      },
      "geometry": {
        "type": "Point",
        "coordinates": [
          0,
          0
        ]
      }
    },
    {
      "type": "Feature",
      "properties": {
        "Id": "29",
        "Burg": "Citadel_Of_Almo",
        "Population": 0,
        "type": "village",
        "tech": "tribal",
        "endowments": {
          "food": 60,
          "wood": 56,
          "stone": 39
        },
        "Coastal": false,
        "Mountainous": false,
        "capital": false,
        "port": false,
        "citadel": false,
        "walls": false,
        "plaza": false,
        "temple": false,
        "shanty_town": false,
        "elevation": 0,
        "valley": "",
        "founded_in": 0,
        "building_count": 101,
        "district_count": 3,
        "districts": [
          {
            "name": "Old District",
            "building_count": 56
          },
          {
            "name": "Dark Rings Ward",
            "building_count": 40
          },
          {
            "name": "Middle Streets",
            "building_count": 4
          }
        ]
      },
      "geometry": {
        "type": "Point",
        "coordinates": [
          0,
          0
        ]
      }
    },
    {
      "type": "Feature",
      "properties": {
        "Id": "30",
        "Burg": "Citadel_Of_The_Pass",
        "Population": 0,
        "type": "village",
        "tech": "medieval",
        "endowments": {
          "food": 81,
          "wood": 46,
          "stone": 27
        },
        "Coastal": false,
        "Mountainous": false,
        "capital": false,
        "port": false,
        "citadel": false,
        "walls": false,
        "plaza": false,
        "temple": false,
        "shanty_town": false,
        "elevation": 0,
        "valley": "",
        "founded_in": 0,
        "building_count": 1580,
        "district_count": 8,
        "districts": [
          {
            "name": "Upper District",
            "building_count": 22
          },
          {
            "name": "White Brook",
            "building_count": 697
          },
          {
            "name": "Winegate",
            "building_count": 224
          },
          {
            "name": "Southern Slums",
            "building_count": 24
          },
          {
            "name": "Alegate",
            "building_count": 233
          },
          {
            "name": "Long Steps",
            "building_count": 14
          },
          {
            "name": "Stormway Gate",
            "building_count": 215
          },
          {
            "name": "Skywell Gate",
            "building_count": 123
          }
        ]
      },
      "geometry": {
        "type": "Point",
        "coordinates": [
          0,
          0
        ]
      }
    },
    {
      "type": "Feature",
      "properties": {
        "Id": "31",
        "Burg": "Citadel_Of_Utaia",
        "Population": 0,
        "type": "village",
        "tech": "tribal",
        "endowments": {
          "food": 75,
          "wood": 40,
          "stone": 29
        },
        "Coastal": false,
        "Mountainous": false,
        "capital": false,
        "port": false,
        "citadel": false,
        "walls": false,
        "plaza": false,
        "temple": false,
        "shanty_town": false,
        "elevation": 0,
        "valley": "",
        "founded_in": 0,
        "building_count": 27,
        "district_count": 4,
        "districts": [
          {
            "name": "Upper Quarter",
            "building_count": 1
          },
          {
            "name": "Forest Ridge",
            "building_count": 10
          },
          {
            "name": "Black Church",
            "building_count": 8
          },
          {
            "name": "Copper Rock",
            "building_count": 7
          }
        ]
      },
      "geometry": {
        "type": "Point",
        "coordinates": [
          0,
          0
        ]
      }
    },
    {
      "type": "Feature",
      "properties": {
        "Id": "35",
        "Burg": "Dûr-Tu",
        "Population": 0,
        "type": "village",
        "tech": "medieval",
        "endowments": {
          "food": 77,
          "wood": 45,
          "stone": 29
        },
        "Coastal": false,
        "Mountainous": false,
        "capital": false,
        "port": false,
        "citadel": false,
        "walls": false,
        "plaza": false,
        "temple": false,
        "shanty_town": false,
        "elevation": 0,
        "valley": "",
        "founded_in": 0,
        "building_count": 3270,
        "district_count": 11,
        "districts": [
          {
            "name": "Deep Ridge",
            "building_count": 430
          },
          {
            "name": "Castle",
            "building_count": 1
          },
          {
            "name": "Blue Orchard",
            "building_count": 670
          },
          {
            "name": "Tailors Gate",
            "building_count": 256
          },
          {
            "name": "Downlight Vale",
            "building_count": 9
          },
          {
            "name": "Rose Cross",
            "building_count": 434
          },
          {
            "name": "South Slums",
            "building_count": 15
          },
          {
            "name": "White Crowns Town",
            "building_count": 350
          },
          {
            "name": "Darkkey Road",
            "building_count": 510
          },
          {
            "name": "Western DÃ»r-Tu",
            "building_count": 361
          },
          {
            "name": "Twilight Mile",
            "building_count": 228
          }
        ]
      },
      "geometry": {
        "type": "Point",
        "coordinates": [
          0,
          0
        ]
      }
    },
    {
      "type": "Feature",
      "properties": {
        "Id": "48",
        "Burg": "Gyt_No",
        "Population": 0,
        "type": "village",
        "tech": "medieval",
        "endowments": {
          "food": 76,
          "wood": 39,
          "stone": 33
        },
        "Coastal": false,
        "Mountainous": false,
        "capital": false,
        "port": false,
        "citadel": false,
        "walls": false,
        "plaza": false,
        "temple": false,
        "shanty_town": false,
        "elevation": 0,
        "valley": "",
        "founded_in": 0,
        "building_count": 964,
        "district_count": 5,
        "districts": [
          {
            "name": "Old City",
            "building_count": 184
          },
          {
            "name": "Cherry Star",
            "building_count": 158
          },
          {
            "name": "Free Water",
            "building_count": 355
          },
          {
            "name": "Ashfall Ward",
            "building_count": 31
          },
          {
            "name": "Greenway Hook",
            "building_count": 218
          }
        ]
      },
      "geometry": {
        "type": "Point",
        "coordinates": [
          0,
          0
        ]
      }
    },
    {
      "type": "Feature",
      "properties": {
        "Id": "78",
        "Burg": "Likzib (1)",
        "Population": 0,
        "type": "village",
        "tech": "tribal",
        "endowments": {
          "food": 62,
          "wood": 46,
          "stone": 43
        },
        "Coastal": false,
        "Mountainous": false,
        "capital": false,
        "port": false,
        "citadel": false,
        "walls": false,
        "plaza": false,
        "temple": false,
        "shanty_town": false,
        "elevation": 0,
        "valley": "",
        "founded_in": 0,
        "building_count": 339,
        "district_count": 4,
        "districts": [
          {
            "name": "Old District",
            "building_count": 86
          },
          {
            "name": "Spirit Field",
            "building_count": 62
          },
          {
            "name": "The Horn",
            "building_count": 128
          },
          {
            "name": "Military Ward",
            "building_count": 56
          }
        ]
      },
      "geometry": {
        "type": "Point",
        "coordinates": [
          0,
          0
        ]
      }
    }
  ]
}