{
"type": "FeatureCollection",
"name": "kaupungit",
"crs": { "type": "name", "properties": { "name": "urn:ogc:def:crs:EPSG::3857" } },
"features": [
{ "type": "Feature", "properties": { "fid": 1, "Id": 1, "Burg": "Jouy", "Province": null, "Province Full Name": null, "State": "Neutrals", "State Full Name": "undefined", "Culture": "Drifters", "Religion": "No religion", "Population": 13872, "X": 1858.5, "Y": 452.74, "Latitude": 26.78, "Longitude": 84.67, "Elevation (m)": 121, "Capital": null, "Port": null, "Citadel": "citadel", "Walls": "walls", "Plaza": null, "Temple": null, "Shanty Town": null, "City Generator Link": "https://watabou.github.io/city-generator/?name=Jouy&population=13872&size=35&seed=9799336580001&river=1&coast=0&farms=1&citadel=1&urban_castle=0&hub=false&plaza=0&temple=0&walls=1&shantytown=0&gates=-1", "Valley": "Dusk", "Founded in": 63 }, "geometry": { "type": "Point", "coordinates": [ 4712710.642733236774802, 1504324.246781242080033, 121.0 ] } },
{ "type": "Feature", "properties": { "fid": 2, "Id": 2, "Burg": "Motu", "Province": null, "Province Full Name": null, "State": "Neutrals", "State Full Name": "undefined", "Culture": "Noon", "Religion": "Asta", "Population": 7422, "X": 1956.25, "Y": 475.75, "Latitude": 23.56, "Longitude": 98.33, "Elevation (m)": 25, "Capital": null, "Port": null, "Citadel": "citadel", "Walls": "walls", "Plaza": null, "Temple": null, "Shanty Town": null, "City Generator Link": "https://watabou.github.io/city-generator/?name=Motu&population=7422&size=28&seed=9799336580002&river=1&coast=0&farms=1&citadel=1&urban_castle=1&hub=false&plaza=0&temple=0&walls=1&shantytown=0&gates=-1", "Valley": "Dusk", "Founded in": 38 }, "geometry": { "type": "Point", "coordinates": [ 5473022.764851295389235, 1320681.143067424651235, 25.0 ] } },
{ "type": "Feature", "properties": { "fid": 3, "Id": 3, "Burg": "Palwede", "Province": null, "Province Full Name": null, "State": "Neutrals", "State Full Name": "undefined", "Culture": "Night", "Religion": "Aumir", "Population": 47137, "X": 1620.0, "Y": 42.5, "Latitude": 84.07, "Longitude": 51.35, "Elevation (m)": 25, "Capital": null, "Port": "port", "Citadel": "citadel", "Walls": "walls", "Plaza": "plaza", "Temple": "temple", "Shanty Town": "shanty town", "City Generator Link": "https://watabou.github.io/city-generator/?name=Palwede&population=47137&size=56&seed=9799336580003&river=1&coast=1&farms=1&citadel=1&urban_castle=0&hub=false&plaza=1&temple=1&walls=1&shantytown=1&gates=-1&sea=1.28", "Valley": "Night", "Founded in": 127 }, "geometry": { "type": "Point", "coordinates": [ 2858127.926117298658937, 5166223.717009148560464, 25.0 ] } },
{ "type": "Feature", "properties": { "fid": 4, "Id": 4, "Burg": "Guild", "Province": null, "Province Full Name": null, "State": "Neutrals", "State Full Name": "undefined", "Culture": "Wildlands", "Religion": "Isti", "Population": 79193, "X": 2080.0, "Y": 683.5, "Latitude": -5.45, "Longitude": 115.62, "Elevation (m)": 25, "Capital": null, "Port": "port", "Citadel": "citadel", "Walls": "walls", "Plaza": "plaza", "Temple": "temple", "Shanty Town": "shanty town", "City Generator Link": "https://watabou.github.io/city-generator/?name=Guild&population=79193&size=68&seed=9799336580004&river=1&coast=1&farms=0&citadel=1&urban_castle=1&hub=false&plaza=1&temple=1&walls=1&shantytown=1&gates=-1&sea=1.5", "Valley": "Dusk", "Founded in": 50 }, "geometry": { "type": "Point", "coordinates": [ 6435379.762759145349264, -303460.037142237473745, 25.0 ] } },
{ "type": "Feature", "properties": { "fid": 5, "Id": 5, "Burg": "Jeong", "Province": null, "Province Full Name": null, "State": "Neutrals", "State Full Name": "undefined", "Culture": "Noon", "Religion": "Asta", "Population": 50393, "X": 2027.38, "Y": 583.51, "Latitude": 8.52, "Longitude": 108.27, "Elevation (m)": 4, "Capital": null, "Port": null, "Citadel": "citadel", "Walls": "walls", "Plaza": "plaza", "Temple": "temple", "Shanty Town": "shanty town", "City Generator Link": "https://watabou.github.io/city-generator/?name=Jeong&population=50393&size=57&seed=9799336580005&river=1&coast=0&farms=1&citadel=1&urban_castle=0&hub=false&plaza=1&temple=1&walls=1&shantytown=1&gates=-1", "Valley": "Dusk", "Founded in": 31 }, "geometry": { "type": "Point", "coordinates": [ 6026280.634093864820898, 474658.557162170880474, 4.0 ] } },
{ "type": "Feature", "properties": { "fid": 6, "Id": 6, "Burg": "Riroku", "Province": null, "Province Full Name": null, "State": "Neutrals", "State Full Name": "undefined", "Culture": "Drifters", "Religion": "No religion", "Population": 5787, "X": 1833.0, "Y": 156.0, "Latitude": 68.22, "Longitude": 81.11, "Elevation (m)": 4, "Capital": null, "Port": "port", "Citadel": "citadel", "Walls": "walls", "Plaza": null, "Temple": null, "Shanty Town": null, "City Generator Link": "https://watabou.github.io/city-generator/?name=Riroku&population=5787&size=25&seed=9799336580006&river=1&coast=1&farms=1&citadel=1&urban_castle=1&hub=false&plaza=0&temple=0&walls=1&shantytown=0&gates=-1&sea=1.5", "Valley": "Dusk", "Founded in": 106 }, "geometry": { "type": "Point", "coordinates": [ 4514561.949121209792793, 4043581.919453382026404, 4.0 ] } },
{ "type": "Feature", "properties": { "fid": 7, "Id": 7, "Burg": "Tsin", "Province": null, "Province Full Name": null, "State": "Neutrals", "State Full Name": "undefined", "Culture": "Dawn", "Religion": "No religion", "Population": 7140, "X": 909.34, "Y": 858.15, "Latitude": -29.83, "Longitude": -47.95, "Elevation (m)": 64, "Capital": null, "Port": null, "Citadel": "citadel", "Walls": "walls", "Plaza": "plaza", "Temple": null, "Shanty Town": null, "City Generator Link": "https://watabou.github.io/city-generator/?name=Tsin&population=7140&size=27&seed=9799336580007&river=1&coast=0&farms=1&citadel=1&urban_castle=0&hub=false&plaza=1&temple=0&walls=1&shantytown=0&gates=-1", "Valley": "Dawn", "Founded in": 192 }, "geometry": { "type": "Point", "coordinates": [ -2668884.791768733877689, -1679406.137031971244141, 64.0 ] } },
{ "type": "Feature", "properties": { "fid": 8, "Id": 8, "Burg": "Gongshan", "Province": null, "Province Full Name": null, "State": "Neutrals", "State Full Name": "undefined", "Culture": "Dawn", "Religion": "No religion", "Population": 27312, "X": 961.44, "Y": 850.22, "Latitude": -28.73, "Longitude": -40.67, "Elevation (m)": 64, "Capital": null, "Port": null, "Citadel": "citadel", "Walls": "walls", "Plaza": "plaza", "Temple": "temple", "Shanty Town": "shanty town", "City Generator Link": "https://watabou.github.io/city-generator/?name=Gongshan&population=27312&size=45&seed=9799336580008&river=1&coast=0&farms=1&citadel=1&urban_castle=1&hub=false&plaza=1&temple=1&walls=1&shantytown=1&gates=-1", "Valley": "Dawn", "Founded in": 191 }, "geometry": { "type": "Point", "coordinates": [ -2263681.84528121817857, -1616125.618630311684683, 64.0 ] } },
{ "type": "Feature", "properties": { "fid": 9, "Id": 9, "Burg": "Gyba", "Province": null, "Province Full Name": null, "State": "Ueyatia", "State Full Name": "Principality of Ueyatia", "Culture": "Night", "Religion": "Aumir", "Population": 30656, "X": 1081.62, "Y": 104.03, "Latitude": 75.47, "Longitude": -23.88, "Elevation (m)": 25, "Capital": "capital", "Port": null, "Citadel": "citadel", "Walls": "walls", "Plaza": null, "Temple": "temple", "Shanty Town": null, "City Generator Link": "https://watabou.github.io/city-generator/?name=Gyba&population=30656&size=47&seed=9799336580009&river=1&coast=0&farms=1&citadel=1&urban_castle=0&hub=false&plaza=0&temple=1&walls=1&shantytown=0&gates=-1", "Valley": "Night", "Founded in": 174 }, "geometry": { "type": "Point", "coordinates": [ -1329154.720071686431766, 4542057.542774346657097, 25.0 ] } },
{ "type": "Feature", "properties": { "fid": 10, "Id": 10, "Burg": "Beitsa", "Province": "Day", "Province Full Name": "Valley of the Day", "State": "Neutrals", "State Full Name": "undefined", "Culture": "Day", "Religion": "No religion", "Population": 4129, "X": 1503.8, "Y": 1171.45, "Latitude": -73.58, "Longitude": 35.11, "Elevation (m)": 64, "Capital": null, "Port": null, "Citadel": "citadel", "Walls": "walls", "Plaza": null, "Temple": null, "Shanty Town": null, "City Generator Link": "https://watabou.github.io/city-generator/?name=Beitsa&population=4129&size=22&seed=9799336580010&river=1&coast=0&farms=1&citadel=1&urban_castle=1&hub=false&plaza=0&temple=0&walls=1&shantytown=0&gates=-1", "Valley": "Day", "Founded in": 130 }, "geometry": { "type": "Point", "coordinates": [ 1954213.660875917412341, -4409875.778332226909697, 64.0 ] } },
{ "type": "Feature", "properties": { "fid": 11, "Id": 11, "Burg": "Bungomo", "Province": null, "Province Full Name": null, "State": "Neutrals", "State Full Name": "undefined", "Culture": "Night", "Religion": "Aumir", "Population": 4486, "X": 1647.15, "Y": 87.4, "Latitude": 77.8, "Longitude": 55.14, "Elevation (m)": 4, "Capital": null, "Port": null, "Citadel": "citadel", "Walls": "walls", "Plaza": null, "Temple": null, "Shanty Town": null, "City Generator Link": "https://watabou.github.io/city-generator/?name=Bungomo&population=4486&size=23&seed=9799336580011&river=1&coast=0&farms=1&citadel=1&urban_castle=0&hub=false&plaza=0&temple=0&walls=1&shantytown=0&gates=-1", "Valley": "Night", "Founded in": 122 }, "geometry": { "type": "Point", "coordinates": [ 3069078.361170552205294, 4707357.536267922259867, 4.0 ] } },
{ "type": "Feature", "properties": { "fid": 12, "Id": 12, "Burg": "Ithemate", "Province": null, "Province Full Name": null, "State": "Neutrals", "State Full Name": "undefined", "Culture": "Night", "Religion": "Aumir", "Population": 28577, "X": 1139.18, "Y": 157.42, "Latitude": 68.02, "Longitude": -15.83, "Elevation (m)": 4, "Capital": null, "Port": null, "Citadel": "citadel", "Walls": "walls", "Plaza": "plaza", "Temple": "temple", "Shanty Town": "shanty town", "City Generator Link": "https://watabou.github.io/city-generator/?name=Ithemate&population=28577&size=46&seed=9799336580012&river=1&coast=0&farms=1&citadel=1&urban_castle=1&hub=false&plaza=1&temple=1&walls=1&shantytown=1&gates=-1", "Valley": "Night", "Founded in": 172 }, "geometry": { "type": "Point", "coordinates": [ -881093.769628760404885, 4030144.860862807836384, 4.0 ] } },
{ "type": "Feature", "properties": { "fid": 13, "Id": 13, "Burg": "Pranos", "Province": null, "Province Full Name": null, "State": "Neutrals", "State Full Name": "undefined", "Culture": "Dawn", "Religion": "No religion", "Population": 56744, "X": 868.79, "Y": 283.13, "Latitude": 50.46, "Longitude": -53.61, "Elevation (m)": 25, "Capital": null, "Port": null, "Citadel": "citadel", "Walls": "walls", "Plaza": "plaza", "Temple": "temple", "Shanty Town": "shanty town", "City Generator Link": "https://watabou.github.io/city-generator/?name=Pranos&population=56744&size=60&seed=9799336580013&river=1&coast=0&farms=1&citadel=1&urban_castle=0&hub=false&plaza=1&temple=1&walls=1&shantytown=1&gates=-1", "Valley": "Dawn", "Founded in": 195 }, "geometry": { "type": "Point", "coordinates": [ -2983918.950713697820902, 2904021.49169269669801, 25.0 ] } },
{ "type": "Feature", "properties": { "fid": 14, "Id": 14, "Burg": "Phoelit", "Province": "Day", "Province Full Name": "Valley of the Day", "State": "Neutrals", "State Full Name": "undefined", "Culture": "Day", "Religion": "No religion", "Population": 32245, "X": 1524.25, "Y": 1098.22, "Latitude": -63.36, "Longitude": 37.97, "Elevation (m)": 144, "Capital": null, "Port": null, "Citadel": "citadel", "Walls": "walls", "Plaza": "plaza", "Temple": null, "Shanty Town": null, "City Generator Link": "https://watabou.github.io/city-generator/?name=Phoelit&population=32245&size=48&seed=9799336580014&river=1&coast=0&farms=1&citadel=1&urban_castle=1&hub=false&plaza=1&temple=0&walls=1&shantytown=0&gates=-1", "Valley": "Day", "Founded in": 127 }, "geometry": { "type": "Point", "coordinates": [ 2113400.532710298430175, -3721378.564195835031569, 144.0 ] } },
{ "type": "Feature", "properties": { "fid": 15, "Id": 15, "Burg": "Orve", "Province": null, "Province Full Name": null, "State": "Neutrals", "State Full Name": "undefined", "Culture": "Dawn", "Religion": "No religion", "Population": 3899, "X": 1003.6, "Y": 297.6, "Latitude": 48.44, "Longitude": -34.78, "Elevation (m)": 64, "Capital": null, "Port": null, "Citadel": "citadel", "Walls": "walls", "Plaza": "plaza", "Temple": null, "Shanty Town": null, "City Generator Link": "https://watabou.github.io/city-generator/?name=Orve&population=3899&size=22&seed=9799336580015&river=1&coast=0&farms=1&citadel=1&urban_castle=0&hub=false&plaza=1&temple=0&walls=1&shantytown=0&gates=-1", "Valley": "Dawn", "Founded in": 187 }, "geometry": { "type": "Point", "coordinates": [ -1935845.944895027438179, 2780239.074062439147383, 64.0 ] } },
{ "type": "Feature", "properties": { "fid": 16, "Id": 16, "Burg": "Bafke", "Province": null, "Province Full Name": null, "State": "Zmur", "State Full Name": "Council of Zmur", "Culture": "Noon", "Religion": "Asta", "Population": 18367, "X": 1899.3, "Y": 647.18, "Latitude": -0.37, "Longitude": 90.37, "Elevation (m)": 121, "Capital": "capital", "Port": null, "Citadel": "citadel", "Walls": "walls", "Plaza": "plaza", "Temple": null, "Shanty Town": null, "City Generator Link": "https://watabou.github.io/city-generator/?name=Bafke&population=18367&size=39&seed=9799336580016&river=1&coast=0&farms=1&citadel=1&urban_castle=1&hub=false&plaza=1&temple=0&walls=1&shantytown=0&gates=-1", "Valley": "Dusk", "Founded in": 63 }, "geometry": { "type": "Point", "coordinates": [ 5029971.191494066268206, -20594.141580930940108, 121.0 ] } },
{ "type": "Feature", "properties": { "fid": 17, "Id": 17, "Burg": "Mahyapak", "Province": null, "Province Full Name": null, "State": "Neutrals", "State Full Name": "undefined", "Culture": "Noon", "Religion": "Asta", "Population": 71912, "X": 2015.0, "Y": 828.5, "Latitude": -25.69, "Longitude": 106.54, "Elevation (m)": 4, "Capital": null, "Port": "port", "Citadel": "citadel", "Walls": "walls", "Plaza": "plaza", "Temple": "temple", "Shanty Town": "shanty town", "City Generator Link": "https://watabou.github.io/city-generator/?name=Mahyapak&population=71912&size=66&seed=9799336580017&river=1&coast=1&farms=1&citadel=1&urban_castle=0&hub=false&plaza=1&temple=1&walls=1&shantytown=1&gates=-1&sea=1.84", "Valley": "Dusk", "Founded in": 71 }, "geometry": { "type": "Point", "coordinates": [ 5929989.274557683616877, -1442029.392103069461882, 4.0 ] } },
{ "type": "Feature", "properties": { "fid": 18, "Id": 18, "Burg": "Zadardelen", "Province": "Day", "Province Full Name": "Valley of the Day", "State": "Neutrals", "State Full Name": "undefined", "Culture": "Day", "Religion": "No religion", "Population": 44324, "X": 1461.19, "Y": 1011.77, "Latitude": -51.29, "Longitude": 29.16, "Elevation (m)": 169, "Capital": null, "Port": null, "Citadel": "citadel", "Walls": "walls", "Plaza": "plaza", "Temple": "temple", "Shanty Town": "shanty town", "City Generator Link": "https://watabou.github.io/city-generator/?name=Zadardelen&population=44324&size=54&seed=9799336580018&river=1&coast=0&farms=1&citadel=1&urban_castle=1&hub=false&plaza=1&temple=1&walls=1&shantytown=1&gates=-1", "Valley": "Day", "Founded in": 134 }, "geometry": { "type": "Point", "coordinates": [ 1623038.175765928579494, -2955178.694736938457936, 169.0 ] } },
{ "type": "Feature", "properties": { "fid": 19, "Id": 19, "Burg": "Alebuo", "Province": null, "Province Full Name": null, "State": "Neutrals", "State Full Name": "undefined", "Culture": "Dawn", "Religion": "No religion", "Population": 38623, "X": 955.47, "Y": 293.16, "Latitude": 49.06, "Longitude": -41.5, "Elevation (m)": 64, "Capital": null, "Port": null, "Citadel": "citadel", "Walls": "walls", "Plaza": "plaza", "Temple": "temple", "Shanty Town": "shanty town", "City Generator Link": "https://watabou.github.io/city-generator/?name=Alebuo&population=38623&size=52&seed=9799336580019&river=1&coast=0&farms=1&citadel=1&urban_castle=0&hub=false&plaza=1&temple=1&walls=1&shantytown=1&gates=-1", "Valley": "Dawn", "Founded in": 191 }, "geometry": { "type": "Point", "coordinates": [ -2309879.433960426598787, 2818125.199931589420885, 64.0 ] } },
{ "type": "Feature", "properties": { "fid": 20, "Id": 20, "Burg": "Jiafeng", "Province": null, "Province Full Name": null, "State": "Neutrals", "State Full Name": "undefined", "Culture": "Dawn", "Religion": "No religion", "Population": 23060, "X": 754.0, "Y": 685.0, "Latitude": -5.66, "Longitude": -69.65, "Elevation (m)": 4, "Capital": null, "Port": "port", "Citadel": "citadel", "Walls": "walls", "Plaza": "plaza", "Temple": "temple", "Shanty Town": null, "City Generator Link": "https://watabou.github.io/city-generator/?name=Jiafeng&population=23060&size=42&seed=9799336580020&river=1&coast=1&farms=1&citadel=1&urban_castle=1&hub=false&plaza=1&temple=1&walls=1&shantytown=0&gates=-1&sea=0.15", "Valley": "Dawn", "Founded in": 216 }, "geometry": { "type": "Point", "coordinates": [ -3876701.26687575224787, -315162.332665570953395, 4.0 ] } },
{ "type": "Feature", "properties": { "fid": 21, "Id": 21, "Burg": "Mohi", "Province": null, "Province Full Name": null, "State": "Refemesh", "State Full Name": "Refemesh Community", "Culture": "Noon", "Religion": "Asta", "Population": 5999, "X": 1938.0, "Y": 668.5, "Latitude": -3.35, "Longitude": 95.78, "Elevation (m)": 81, "Capital": "capital", "Port": "port", "Citadel": "citadel", "Walls": "walls", "Plaza": null, "Temple": null, "Shanty Town": null, "City Generator Link": "https://watabou.github.io/city-generator/?name=Mohi&population=5999&size=25&seed=9799336580021&river=1&coast=1&farms=0&citadel=1&urban_castle=0&hub=false&plaza=0&temple=0&walls=1&shantytown=0&gates=-1&sea=0.62", "Valley": "Dusk", "Founded in": 56 }, "geometry": { "type": "Point", "coordinates": [ 5331090.414089871570468, -186486.712208072451176, 81.0 ] } },
{ "type": "Feature", "properties": { "fid": 22, "Id": 22, "Burg": "Enyhazto", "Province": null, "Province Full Name": null, "State": "Neutrals", "State Full Name": "undefined", "Culture": "Day", "Religion": "No religion", "Population": 3510, "X": 1807.23, "Y": 706.54, "Latitude": -8.66, "Longitude": 77.51, "Elevation (m)": 121, "Capital": null, "Port": null, "Citadel": "citadel", "Walls": "walls", "Plaza": null, "Temple": null, "Shanty Town": null, "City Generator Link": "https://watabou.github.io/city-generator/?name=Enyhazto&population=3510&size=21&seed=9799336580022&river=1&coast=0&farms=1&citadel=1&urban_castle=1&hub=false&plaza=0&temple=0&walls=1&shantytown=0&gates=-1", "Valley": "Dusk", "Founded in": 75 }, "geometry": { "type": "Point", "coordinates": [ 4314186.865693316794932, -482472.867146633681841, 121.0 ] } },
{ "type": "Feature", "properties": { "fid": 23, "Id": 23, "Burg": "Tsanghom", "Province": null, "Province Full Name": null, "State": "Neutrals", "State Full Name": "undefined", "Culture": "Dawn", "Religion": "No religion", "Population": 3619, "X": 972.92, "Y": 896.23, "Latitude": -35.15, "Longitude": -39.06, "Elevation (m)": 64, "Capital": null, "Port": null, "Citadel": "citadel", "Walls": "walls", "Plaza": null, "Temple": null, "Shanty Town": null, "City Generator Link": "https://watabou.github.io/city-generator/?name=Tsanghom&population=3619&size=21&seed=9799336580023&river=1&coast=0&farms=1&citadel=1&urban_castle=0&hub=false&plaza=0&temple=0&walls=1&shantytown=0&gates=-1", "Valley": "Dawn", "Founded in": 187 }, "geometry": { "type": "Point", "coordinates": [ -2174069.655192632693797, -1987862.438869565725327, 64.0 ] } },
{ "type": "Feature", "properties": { "fid": 24, "Id": 24, "Burg": "Aurola", "Province": null, "Province Full Name": null, "State": "Neutrals", "State Full Name": "undefined", "Culture": "Dawn", "Religion": "No religion", "Population": 4172, "X": 1021.52, "Y": 921.93, "Latitude": -38.74, "Longitude": -32.27, "Elevation (m)": 9, "Capital": null, "Port": null, "Citadel": "citadel", "Walls": "walls", "Plaza": null, "Temple": null, "Shanty Town": null, "City Generator Link": "https://watabou.github.io/city-generator/?name=Aurola&population=4172&size=22&seed=9799336580024&river=1&coast=0&farms=1&citadel=1&urban_castle=1&hub=false&plaza=0&temple=0&walls=1&shantytown=0&gates=-1", "Valley": "Dawn", "Founded in": 180 }, "geometry": { "type": "Point", "coordinates": [ -1796139.983949469169602, -2198546.226058697327971, 9.0 ] } },
{ "type": "Feature", "properties": { "fid": 25, "Id": 25, "Burg": "Tonkhanhad", "Province": "Day", "Province Full Name": "Valley of the Day", "State": "Neutrals", "State Full Name": "undefined", "Culture": "Day", "Religion": "No religion", "Population": 10735, "X": 1451.5, "Y": 947.5, "Latitude": -42.31, "Longitude": 27.8, "Elevation (m)": 121, "Capital": null, "Port": null, "Citadel": "citadel", "Walls": "walls", "Plaza": "plaza", "Temple": null, "Shanty Town": null, "City Generator Link": "https://watabou.github.io/city-generator/?name=Tonkhanhad&population=10735&size=32&seed=9799336580025&river=1&coast=0&farms=1&citadel=1&urban_castle=0&hub=false&plaza=1&temple=0&walls=1&shantytown=0&gates=-1", "Valley": "Day", "Founded in": 143 }, "geometry": { "type": "Point", "coordinates": [ 1547340.922026502666995, -2410370.307415711227804, 121.0 ] } },
{ "type": "Feature", "properties": { "fid": 26, "Id": 26, "Burg": "Dautong", "Province": null, "Province Full Name": null, "State": "Neutrals", "State Full Name": "undefined", "Culture": "Dawn", "Religion": "No religion", "Population": 25845, "X": 933.89, "Y": 984.1, "Latitude": -47.42, "Longitude": -44.52, "Elevation (m)": 64, "Capital": null, "Port": null, "Citadel": "citadel", "Walls": "walls", "Plaza": "plaza", "Temple": null, "Shanty Town": "shanty town", "City Generator Link": "https://watabou.github.io/city-generator/?name=Dautong&population=25845&size=44&seed=9799336580026&river=1&coast=0&farms=1&citadel=1&urban_castle=1&hub=false&plaza=1&temple=0&walls=1&shantytown=1&gates=-1", "Valley": "Dawn", "Founded in": 191 }, "geometry": { "type": "Point", "coordinates": [ -2477971.865058269817382, -2718109.953691250644624, 64.0 ] } },
{ "type": "Feature", "properties": { "fid": 27, "Id": 27, "Burg": "Avesia", "Province": "Day", "Province Full Name": "Valley of the Day", "State": "Avesia", "State Full Name": "Avesia", "Culture": "Day", "Religion": "No religion", "Population": 26947, "X": 1486.2, "Y": 1057.39, "Latitude": -57.66, "Longitude": 32.65, "Elevation (m)": 81, "Capital": "capital", "Port": null, "Citadel": "citadel", "Walls": "walls", "Plaza": "plaza", "Temple": "temple", "Shanty Town": "shanty town", "City Generator Link": "https://watabou.github.io/city-generator/?name=Avesia&population=26947&size=45&seed=9799336580027&river=1&coast=0&farms=1&citadel=1&urban_castle=0&hub=false&plaza=1&temple=1&walls=1&shantytown=1&gates=-1", "Valley": "Day", "Founded in": 130 }, "geometry": { "type": "Point", "coordinates": [ 1817290.687200190965086, -3354026.586003256496042, 81.0 ] } },
{ "type": "Feature", "properties": { "fid": 28, "Id": 28, "Burg": "Briarviles", "Province": null, "Province Full Name": null, "State": "Neutrals", "State Full Name": "undefined", "Culture": "Noon", "Religion": "Asta", "Population": 4335, "X": 1837.5, "Y": 534.0, "Latitude": 15.43, "Longitude": 81.74, "Elevation (m)": 144, "Capital": null, "Port": "port", "Citadel": "citadel", "Walls": "walls", "Plaza": null, "Temple": null, "Shanty Town": null, "City Generator Link": "https://watabou.github.io/city-generator/?name=Briarviles&population=4335&size=23&seed=9799336580028&river=1&coast=1&farms=1&citadel=1&urban_castle=1&hub=false&plaza=0&temple=0&walls=1&shantytown=0&gates=-1&sea=0.99", "Valley": "Dusk", "Founded in": 79 }, "geometry": { "type": "Point", "coordinates": [ 4549627.588721089996397, 861436.967267069267109, 144.0 ] } },
{ "type": "Feature", "properties": { "fid": 29, "Id": 29, "Burg": "Makad", "Province": "Day", "Province Full Name": "Valley of the Day", "State": "Neutrals", "State Full Name": "undefined", "Culture": "Day", "Religion": "No religion", "Population": 3327, "X": 989.27, "Y": 1086.55, "Latitude": -61.73, "Longitude": -36.78, "Elevation (m)": 121, "Capital": null, "Port": null, "Citadel": "citadel", "Walls": "walls", "Plaza": "plaza", "Temple": null, "Shanty Town": null, "City Generator Link": "https://watabou.github.io/city-generator/?name=Makad&population=3327&size=20&seed=9799336580029&river=1&coast=0&farms=1&citadel=1&urban_castle=0&hub=false&plaza=1&temple=0&walls=1&shantytown=0&gates=-1", "Valley": "Day", "Founded in": 174 }, "geometry": { "type": "Point", "coordinates": [ -2047165.435688300989568, -3615229.206309978384525, 121.0 ] } },
{ "type": "Feature", "properties": { "fid": 30, "Id": 30, "Burg": "Bernala", "Province": null, "Province Full Name": null, "State": "Neutrals", "State Full Name": "undefined", "Culture": "Dawn", "Religion": "No religion", "Population": 25889, "X": 800.66, "Y": 394.06, "Latitude": 34.97, "Longitude": -63.13, "Elevation (m)": 25, "Capital": null, "Port": null, "Citadel": "citadel", "Walls": "walls", "Plaza": null, "Temple": null, "Shanty Town": null, "City Generator Link": "https://watabou.github.io/city-generator/?name=Bernala&population=25889&size=44&seed=9799336580030&river=1&coast=0&farms=1&citadel=1&urban_castle=1&hub=false&plaza=0&temple=0&walls=1&shantytown=0&gates=-1", "Valley": "Dawn", "Founded in": 211 }, "geometry": { "type": "Point", "coordinates": [ -3513799.726889680605382, 1977355.746037013828754, 25.0 ] } },
{ "type": "Feature", "properties": { "fid": 31, "Id": 31, "Burg": "Jargeroy", "Province": null, "Province Full Name": null, "State": "Neutrals", "State Full Name": "undefined", "Culture": "Noon", "Religion": "Asta", "Population": 18267, "X": 1833.5, "Y": 497.5, "Latitude": 20.53, "Longitude": 81.18, "Elevation (m)": 121, "Capital": null, "Port": "port", "Citadel": "citadel", "Walls": "walls", "Plaza": "plaza", "Temple": null, "Shanty Town": null, "City Generator Link": "https://watabou.github.io/city-generator/?name=Jargeroy&population=18267&size=39&seed=9799336580031&river=1&coast=1&farms=1&citadel=1&urban_castle=0&hub=false&plaza=1&temple=0&walls=1&shantytown=0&gates=-1&sea=1.71", "Valley": "Dusk", "Founded in": 79 }, "geometry": { "type": "Point", "coordinates": [ 4518458.131298975087702, 1148857.047908612294123, 121.0 ] } },
{ "type": "Feature", "properties": { "fid": 32, "Id": 32, "Burg": "Engar", "Province": null, "Province Full Name": null, "State": "Neutrals", "State Full Name": "undefined", "Culture": "Noon", "Religion": "Asta", "Population": 42312, "X": 1722.39, "Y": 530.73, "Latitude": 15.89, "Longitude": 65.65, "Elevation (m)": 121, "Capital": null, "Port": null, "Citadel": "citadel", "Walls": "walls", "Plaza": "plaza", "Temple": "temple", "Shanty Town": "shanty town", "City Generator Link": "https://watabou.github.io/city-generator/?name=Engar&population=42312&size=54&seed=9799336580032&river=1&coast=0&farms=1&citadel=1&urban_castle=1&hub=false&plaza=1&temple=1&walls=1&shantytown=1&gates=-1", "Valley": "Dusk", "Founded in": 93 }, "geometry": { "type": "Point", "coordinates": [ 3654062.285289205610752, 887281.42506723687984, 121.0 ] } },
{ "type": "Feature", "properties": { "fid": 33, "Id": 33, "Burg": "Bifjorda", "Province": null, "Province Full Name": null, "State": "Neutrals", "State Full Name": "undefined", "Culture": "Noon", "Religion": "Asta", "Population": 4887, "X": 1751.79, "Y": 640.77, "Latitude": 0.52, "Longitude": 69.76, "Elevation (m)": 121, "Capital": null, "Port": null, "Citadel": "citadel", "Walls": "walls", "Plaza": "plaza", "Temple": null, "Shanty Town": null, "City Generator Link": "https://watabou.github.io/city-generator/?name=Bifjorda&population=4887&size=24&seed=9799336580033&river=1&coast=0&farms=1&citadel=1&urban_castle=0&hub=false&plaza=1&temple=0&walls=1&shantytown=0&gates=-1", "Valley": "Dusk", "Founded in": 86 }, "geometry": { "type": "Point", "coordinates": [ 3882823.838869382627308, 28943.166940034188883, 121.0 ] } },
{ "type": "Feature", "properties": { "fid": 34, "Id": 34, "Burg": "Kudina", "Province": null, "Province Full Name": null, "State": "Neutrals", "State Full Name": "undefined", "Culture": "Night", "Religion": "Aumir", "Population": 4616, "X": 1365.5, "Y": 58.0, "Latitude": 81.9, "Longitude": 15.79, "Elevation (m)": 4, "Capital": null, "Port": "port", "Citadel": "citadel", "Walls": "walls", "Plaza": "plaza", "Temple": null, "Shanty Town": null, "City Generator Link": "https://watabou.github.io/city-generator/?name=Kudina&population=4616&size=23&seed=9799336580034&river=1&coast=1&farms=1&citadel=1&urban_castle=1&hub=false&plaza=1&temple=0&walls=1&shantytown=0&gates=-1&sea=0.7", "Valley": "Night", "Founded in": 143 }, "geometry": { "type": "Point", "coordinates": [ 878867.379812894854695, 5004969.470230384729803, 4.0 ] } },
{ "type": "Feature", "properties": { "fid": 35, "Id": 35, "Burg": "Asuyan", "Province": null, "Province Full Name": null, "State": "Neutrals", "State Full Name": "undefined", "Culture": "Night", "Religion": "Aumir", "Population": 10647, "X": 1595.77, "Y": 98.62, "Latitude": 76.23, "Longitude": 47.96, "Elevation (m)": 4, "Capital": null, "Port": null, "Citadel": "citadel", "Walls": "walls", "Plaza": "plaza", "Temple": null, "Shanty Town": null, "City Generator Link": "https://watabou.github.io/city-generator/?name=Asuyan&population=10647&size=32&seed=9799336580035&river=1&coast=0&farms=1&citadel=1&urban_castle=0&hub=false&plaza=1&temple=0&walls=1&shantytown=0&gates=-1", "Valley": "Night", "Founded in": 127 }, "geometry": { "type": "Point", "coordinates": [ 2669441.389222700148821, 4595684.217932425439358, 4.0 ] } },
{ "type": "Feature", "properties": { "fid": 36, "Id": 36, "Burg": "Dûr-Tu", "Province": null, "Province Full Name": null, "State": "Neutrals", "State Full Name": "undefined", "Culture": "Drifters", "Religion": "No religion", "Population": 31362, "X": 1696.47, "Y": 98.23, "Latitude": 76.28, "Longitude": 62.03, "Elevation (m)": 4, "Capital": null, "Port": null, "Citadel": "citadel", "Walls": "walls", "Plaza": "plaza", "Temple": "temple", "Shanty Town": "shanty town", "City Generator Link": "https://watabou.github.io/city-generator/?name=D%C3%BBr-Tu&population=31362&size=48&seed=9799336580036&river=1&coast=0&farms=1&citadel=1&urban_castle=1&hub=false&plaza=1&temple=1&walls=1&shantytown=1&gates=-1", "Valley": "Night", "Founded in": 121 }, "geometry": { "type": "Point", "coordinates": [ 3452574.006953379604965, 4599222.039110633544624, 4.0 ] } },
{ "type": "Feature", "properties": { "fid": 37, "Id": 37, "Burg": "Borgloy", "Province": null, "Province Full Name": null, "State": "Neutrals", "State Full Name": "undefined", "Culture": "Noon", "Religion": "Asta", "Population": 4225, "X": 1593.5, "Y": 502.5, "Latitude": 19.83, "Longitude": 47.64, "Elevation (m)": 1089, "Capital": null, "Port": null, "Citadel": "citadel", "Walls": "walls", "Plaza": "plaza", "Temple": null, "Shanty Town": null, "City Generator Link": "https://watabou.github.io/city-generator/?name=Borgloy&population=4225&size=22&seed=9799336580037&river=1&coast=0&farms=1&citadel=1&urban_castle=0&hub=false&plaza=1&temple=0&walls=1&shantytown=0&gates=-1", "Valley": "Dusk", "Founded in": 106 }, "geometry": { "type": "Point", "coordinates": [ 2651630.270695776678622, 1109283.102056162431836, 1089.0 ] } },
{ "type": "Feature", "properties": { "fid": 38, "Id": 38, "Burg": "Zidesun", "Province": null, "Province Full Name": null, "State": "Neutrals", "State Full Name": "undefined", "Culture": "Noon", "Religion": "Asta", "Population": 7983, "X": 1964.5, "Y": 777.0, "Latitude": -18.5, "Longitude": 99.48, "Elevation (m)": 16, "Capital": null, "Port": null, "Citadel": "citadel", "Walls": "walls", "Plaza": "plaza", "Temple": null, "Shanty Town": null, "City Generator Link": "https://watabou.github.io/city-generator/?name=Zidesun&population=7983&size=28&seed=9799336580038&river=1&coast=0&farms=1&citadel=1&urban_castle=1&hub=false&plaza=1&temple=0&walls=1&shantytown=0&gates=-1", "Valley": "Dusk", "Founded in": 71 }, "geometry": { "type": "Point", "coordinates": [ 5537031.472057428210974, -1034207.668528851587325, 16.0 ] } },
{ "type": "Feature", "properties": { "fid": 39, "Id": 39, "Burg": "Alos", "Province": null, "Province Full Name": null, "State": "Neutrals", "State Full Name": "undefined", "Culture": "Wildlands", "Religion": "Isti", "Population": 6625, "X": 797.5, "Y": 292.5, "Latitude": 49.15, "Longitude": -63.57, "Elevation (m)": 25, "Capital": null, "Port": "port", "Citadel": "citadel", "Walls": "walls", "Plaza": null, "Temple": null, "Shanty Town": null, "City Generator Link": "https://watabou.github.io/city-generator/?name=Alos&population=6625&size=26&seed=9799336580039&river=1&coast=1&farms=0&citadel=1&urban_castle=0&hub=false&plaza=0&temple=0&walls=1&shantytown=0&gates=-1&sea=0.09", "Valley": "Dawn", "Founded in": 199 }, "geometry": { "type": "Point", "coordinates": [ -3538290.014864200726151, 2823632.546483122743666, 25.0 ] } },
{ "type": "Feature", "properties": { "fid": 40, "Id": 40, "Burg": "Pigna", "Province": null, "Province Full Name": null, "State": "Neutrals", "State Full Name": "undefined", "Culture": "Dawn", "Religion": "No religion", "Population": 4930, "X": 1050.64, "Y": 327.93, "Latitude": 44.21, "Longitude": -28.2, "Elevation (m)": 64, "Capital": null, "Port": null, "Citadel": "citadel", "Walls": "walls", "Plaza": "plaza", "Temple": null, "Shanty Town": null, "City Generator Link": "https://watabou.github.io/city-generator/?name=Pigna&population=4930&size=24&seed=9799336580040&river=1&coast=0&farms=1&citadel=1&urban_castle=1&hub=false&plaza=1&temple=0&walls=1&shantytown=0&gates=-1", "Valley": "Dawn", "Founded in": 180 }, "geometry": { "type": "Point", "coordinates": [ -1569604.820185157237574, 2524136.414774149656296, 64.0 ] } },
{ "type": "Feature", "properties": { "fid": 41, "Id": 41, "Burg": "Pornoli", "Province": null, "Province Full Name": null, "State": "Neutrals", "State Full Name": "undefined", "Culture": "Dawn", "Religion": "No religion", "Population": 15056, "X": 1116.0, "Y": 847.0, "Latitude": -28.28, "Longitude": -19.07, "Elevation (m)": 1024, "Capital": null, "Port": null, "Citadel": "citadel", "Walls": "walls", "Plaza": "plaza", "Temple": null, "Shanty Town": null, "City Generator Link": "https://watabou.github.io/city-generator/?name=Pornoli&population=15056&size=36&seed=9799336580041&river=0&coast=0&farms=1&citadel=1&urban_castle=0&hub=false&plaza=1&temple=0&walls=1&shantytown=0&gates=-1", "Valley": "Dawn", "Founded in": 174 }, "geometry": { "type": "Point", "coordinates": [ -1061431.344713863451034, -1590283.29258512891829, 1024.0 ] } },
{ "type": "Feature", "properties": { "fid": 42, "Id": 42, "Burg": "Binh Ninh", "Province": null, "Province Full Name": null, "State": "Neutrals", "State Full Name": "undefined", "Culture": "Night", "Religion": "Aumir", "Population": 9606, "X": 1256.54, "Y": 40.33, "Latitude": 84.37, "Longitude": 0.56, "Elevation (m)": 196, "Capital": null, "Port": null, "Citadel": "citadel", "Walls": null, "Plaza": null, "Temple": null, "Shanty Town": null, "City Generator Link": "https://watabou.github.io/city-generator/?name=Binh+Ninh&population=9606&size=30&seed=9799336580042&river=0&coast=0&farms=1&citadel=1&urban_castle=1&hub=false&plaza=0&temple=0&walls=0&shantytown=0&gates=-1", "Valley": "Night", "Founded in": 161 }, "geometry": { "type": "Point", "coordinates": [ 31169.457422116603993, 5188731.956812823191285, 196.0 ] } },
{ "type": "Feature", "properties": { "fid": 43, "Id": 43, "Burg": "Shaxing", "Province": null, "Province Full Name": null, "State": "Neutrals", "State Full Name": "undefined", "Culture": "Dawn", "Religion": "No religion", "Population": 20045, "X": 841.2, "Y": 648.41, "Latitude": -0.55, "Longitude": -57.47, "Elevation (m)": 25, "Capital": null, "Port": null, "Citadel": "citadel", "Walls": "walls", "Plaza": null, "Temple": null, "Shanty Town": null, "City Generator Link": "https://watabou.github.io/city-generator/?name=Shaxing&population=20045&size=40&seed=9799336580043&river=1&coast=0&farms=1&citadel=1&urban_castle=0&hub=false&plaza=0&temple=0&walls=1&shantytown=0&gates=-1", "Valley": null, "Founded in": 216 }, "geometry": { "type": "Point", "coordinates": [ -3198765.567944716196507, -30612.977505333437875, 25.0 ] } },
{ "type": "Feature", "properties": { "fid": 44, "Id": 44, "Burg": "Fanha", "Province": "Day", "Province Full Name": "Valley of the Day", "State": "Neutrals", "State Full Name": "undefined", "Culture": "Day", "Religion": "No religion", "Population": 6127, "X": 1759.39, "Y": 1106.44, "Latitude": -64.51, "Longitude": 70.82, "Elevation (m)": 169, "Capital": null, "Port": null, "Citadel": null, "Walls": null, "Plaza": null, "Temple": null, "Shanty Town": null, "City Generator Link": "https://watabou.github.io/city-generator/?name=Fanha&population=6127&size=26&seed=9799336580044&river=1&coast=0&farms=1&citadel=0&urban_castle=0&hub=false&plaza=0&temple=0&walls=0&shantytown=0&gates=-1", "Valley": "Day", "Founded in": 112 }, "geometry": { "type": "Point", "coordinates": [ 3941823.168989816680551, -3796830.081486507784575, 169.0 ] } },
{ "type": "Feature", "properties": { "fid": 45, "Id": 45, "Burg": "Hajsala", "Province": null, "Province Full Name": null, "State": "Neutrals", "State Full Name": "undefined", "Culture": "Winds", "Religion": "No religion", "Population": 2817, "X": 1842.0, "Y": 889.65, "Latitude": -34.23, "Longitude": 82.37, "Elevation (m)": 729, "Capital": null, "Port": null, "Citadel": null, "Walls": null, "Plaza": "plaza", "Temple": null, "Shanty Town": null, "City Generator Link": "https://watabou.github.io/city-generator/?name=Hajsala&population=2817&size=19&seed=9799336580045&river=0&coast=0&farms=1&citadel=0&urban_castle=0&hub=false&plaza=1&temple=0&walls=0&shantytown=0&gates=-1", "Valley": "Dusk", "Founded in": 93 }, "geometry": { "type": "Point", "coordinates": [ 4584693.228320972062647, -1934215.833852550247684, 729.0 ] } },
{ "type": "Feature", "properties": { "fid": 46, "Id": 46, "Burg": "Mical", "Province": "Day", "Province Full Name": "Valley of the Day", "State": "Neutrals", "State Full Name": "undefined", "Culture": "Day", "Religion": "No religion", "Population": 17554, "X": 1836.22, "Y": 1177.78, "Latitude": -74.47, "Longitude": 81.56, "Elevation (m)": 25, "Capital": null, "Port": null, "Citadel": null, "Walls": null, "Plaza": null, "Temple": null, "Shanty Town": null, "City Generator Link": "https://watabou.github.io/city-generator/?name=Mical&population=17554&size=38&seed=9799336580046&river=1&coast=0&farms=1&citadel=0&urban_castle=0&hub=false&plaza=0&temple=0&walls=0&shantytown=0&gates=-1", "Valley": "Day", "Founded in": 112 }, "geometry": { "type": "Point", "coordinates": [ 4539608.834549696184695, -4471913.573161450214684, 25.0 ] } },
{ "type": "Feature", "properties": { "fid": 47, "Id": 47, "Burg": "Rambedamkur", "Province": null, "Province Full Name": null, "State": "Neutrals", "State Full Name": "undefined", "Culture": "Night", "Religion": "Aumir", "Population": 7607, "X": 1441.81, "Y": 175.1, "Latitude": 65.55, "Longitude": 26.45, "Elevation (m)": 169, "Capital": null, "Port": null, "Citadel": null, "Walls": null, "Plaza": null, "Temple": null, "Shanty Town": null, "City Generator Link": "https://watabou.github.io/city-generator/?name=Rambedamkur&population=7607&size=28&seed=9799336580047&river=0&coast=0&farms=1&citadel=0&urban_castle=0&hub=false&plaza=0&temple=0&walls=0&shantytown=0&gates=-1", "Valley": "Night", "Founded in": 141 }, "geometry": { "type": "Point", "coordinates": [ 1472200.265741042792797, 3865476.916581978555769, 169.0 ] } },
{ "type": "Feature", "properties": { "fid": 48, "Id": 48, "Burg": "Mintenomarci", "Province": null, "Province Full Name": null, "State": "Neutrals", "State Full Name": "undefined", "Culture": "Dawn", "Religion": "No religion", "Population": 8707, "X": 1156.86, "Y": 406.23, "Latitude": 33.27, "Longitude": -13.36, "Elevation (m)": 64, "Capital": null, "Port": null, "Citadel": "citadel", "Walls": null, "Plaza": "plaza", "Temple": null, "Shanty Town": null, "City Generator Link": "https://watabou.github.io/city-generator/?name=Mintenomarci&population=8707&size=29&seed=9799336580048&river=1&coast=0&farms=1&citadel=1&urban_castle=1&hub=false&plaza=1&temple=0&walls=0&shantytown=0&gates=-1", "Valley": "Dawn", "Founded in": 180 }, "geometry": { "type": "Point", "coordinates": [ -743614.198499067337252, 1878377.931947422213852, 64.0 ] } },
{ "type": "Feature", "properties": { "fid": 49, "Id": 49, "Burg": "Kushimaki", "Province": null, "Province Full Name": null, "State": "Neutrals", "State Full Name": "undefined", "Culture": "Wildlands", "Religion": "Isti", "Population": 8920, "X": 1978.86, "Y": 328.26, "Latitude": 44.16, "Longitude": 101.49, "Elevation (m)": 4, "Capital": null, "Port": null, "Citadel": "citadel", "Walls": null, "Plaza": null, "Temple": null, "Shanty Town": null, "City Generator Link": "https://watabou.github.io/city-generator/?name=Kushimaki&population=8920&size=30&seed=9799336580049&river=0&coast=0&farms=1&citadel=1&urban_castle=0&hub=false&plaza=0&temple=0&walls=0&shantytown=0&gates=-1", "Valley": "Dusk", "Founded in": 79 }, "geometry": { "type": "Point", "coordinates": [ 5648907.560304666869342, 2521132.903264148626477, 4.0 ] } },
{ "type": "Feature", "properties": { "fid": 50, "Id": 50, "Burg": "Mevus", "Province": "Day", "Province Full Name": "Valley of the Day", "State": "Neutrals", "State Full Name": "undefined", "Culture": "Day", "Religion": "No religion", "Population": 1690, "X": 1200.8, "Y": 1183.26, "Latitude": -75.23, "Longitude": -7.22, "Elevation (m)": 144, "Capital": null, "Port": null, "Citadel": null, "Walls": "walls", "Plaza": null, "Temple": null, "Shanty Town": null, "City Generator Link": "https://watabou.github.io/city-generator/?name=Mevus&population=1690&size=16&seed=9799336580050&river=0&coast=0&farms=1&citadel=0&urban_castle=0&hub=false&plaza=0&temple=0&walls=1&shantytown=0&gates=-1", "Valley": "Day", "Founded in": 154 }, "geometry": { "type": "Point", "coordinates": [ -401863.361763717548456, -4525180.084549405612051, 144.0 ] } },
{ "type": "Feature", "properties": { "fid": 51, "Id": 51, "Burg": "Likzib", "Province": "Day", "Province Full Name": "Valley of the Day", "State": "Neutrals", "State Full Name": "undefined", "Culture": "Day", "Religion": "No religion", "Population": 4481, "X": 1417.22, "Y": 1188.69, "Latitude": -75.99, "Longitude": 23.01, "Elevation (m)": 144, "Capital": null, "Port": null, "Citadel": "citadel", "Walls": null, "Plaza": null, "Temple": null, "Shanty Town": null, "City Generator Link": "https://watabou.github.io/city-generator/?name=Likzib&population=4481&size=23&seed=9799336580051&river=0&coast=0&farms=1&citadel=1&urban_castle=0&hub=false&plaza=0&temple=0&walls=0&shantytown=0&gates=-1", "Valley": "Day", "Founded in": 134 }, "geometry": { "type": "Point", "coordinates": [ 1280730.741576612694189, -4578719.504639440216124, 144.0 ] } },
{ "type": "Feature", "properties": { "fid": 52, "Id": 52, "Burg": "Kushk", "Province": "Day", "Province Full Name": "Valley of the Day", "State": "Neutrals", "State Full Name": "undefined", "Culture": "Day", "Religion": "No religion", "Population": 9671, "X": 1147.2, "Y": 1032.77, "Latitude": -54.22, "Longitude": -14.71, "Elevation (m)": 225, "Capital": null, "Port": null, "Citadel": null, "Walls": null, "Plaza": null, "Temple": null, "Shanty Town": null, "City Generator Link": "https://watabou.github.io/city-generator/?name=Kushk&population=9671&size=31&seed=9799336580052&river=1&coast=0&farms=1&citadel=0&urban_castle=0&hub=false&plaza=0&temple=0&walls=0&shantytown=0&gates=-1", "Valley": "Day", "Founded in": 165 }, "geometry": { "type": "Point", "coordinates": [ -818754.85478452721145, -3137221.530176855623722, 225.0 ] } },
{ "type": "Feature", "properties": { "fid": 53, "Id": 53, "Burg": "Tisvarmend", "Province": null, "Province Full Name": null, "State": "Neutrals", "State Full Name": "undefined", "Culture": "Noon", "Religion": "Asta", "Population": 1701, "X": 1713.61, "Y": 769.89, "Latitude": -17.51, "Longitude": 64.43, "Elevation (m)": 324, "Capital": null, "Port": null, "Citadel": "citadel", "Walls": "walls", "Plaza": null, "Temple": null, "Shanty Town": null, "City Generator Link": "https://watabou.github.io/city-generator/?name=Tisvarmend&population=1701&size=16&seed=9799336580053&river=1&coast=0&farms=1&citadel=1&urban_castle=0&hub=false&plaza=0&temple=0&walls=1&shantytown=0&gates=-1", "Valley": "Dusk", "Founded in": 93 }, "geometry": { "type": "Point", "coordinates": [ 3586157.395905308891088, -978417.085088570369408, 324.0 ] } },
{ "type": "Feature", "properties": { "fid": 54, "Id": 54, "Burg": "Murmium", "Province": null, "Province Full Name": null, "State": "Neutrals", "State Full Name": "undefined", "Culture": "Dwellers", "Religion": "No religion", "Population": 3575, "X": 1185.7, "Y": 728.2, "Latitude": -11.69, "Longitude": -9.33, "Elevation (m)": 841, "Capital": null, "Port": null, "Citadel": null, "Walls": null, "Plaza": "plaza", "Temple": null, "Shanty Town": null, "City Generator Link": "https://watabou.github.io/city-generator/?name=Murmium&population=3575&size=21&seed=9799336580054&river=0&coast=0&farms=1&citadel=0&urban_castle=0&hub=false&plaza=1&temple=0&walls=0&shantytown=0&gates=-1", "Valley": "Dawn", "Founded in": 177 }, "geometry": { "type": "Point", "coordinates": [ -519305.424550621188246, -651793.93816178466659, 841.0 ] } },
{ "type": "Feature", "properties": { "fid": 55, "Id": 55, "Burg": "Nyirfalmasle", "Province": null, "Province Full Name": null, "State": "Neutrals", "State Full Name": "undefined", "Culture": "Noon", "Religion": "Asta", "Population": 5052, "X": 1638.13, "Y": 658.92, "Latitude": -2.01, "Longitude": 53.88, "Elevation (m)": 121, "Capital": null, "Port": null, "Citadel": null, "Walls": null, "Plaza": "plaza", "Temple": null, "Shanty Town": null, "City Generator Link": "https://watabou.github.io/city-generator/?name=Nyirfalmasle&population=5052&size=24&seed=9799336580055&river=0&coast=0&farms=1&citadel=0&urban_castle=0&hub=false&plaza=1&temple=0&walls=0&shantytown=0&gates=-1", "Valley": "Dusk", "Founded in": 99 }, "geometry": { "type": "Point", "coordinates": [ 2998947.08197078993544, -111881.825530440648436, 121.0 ] } },
{ "type": "Feature", "properties": { "fid": 56, "Id": 56, "Burg": "Luquti", "Province": "Day", "Province Full Name": "Valley of the Day", "State": "Neutrals", "State Full Name": "undefined", "Culture": "Winds", "Religion": "No religion", "Population": 8176, "X": 1906.56, "Y": 997.42, "Latitude": -49.28, "Longitude": 91.39, "Elevation (m)": 676, "Capital": null, "Port": null, "Citadel": null, "Walls": null, "Plaza": null, "Temple": null, "Shanty Town": null, "City Generator Link": "https://watabou.github.io/city-generator/?name=Luquti&population=8176&size=29&seed=9799336580056&river=1&coast=0&farms=1&citadel=0&urban_castle=0&hub=false&plaza=0&temple=0&walls=0&shantytown=0&gates=-1", "Valley": "Day", "Founded in": 97 }, "geometry": { "type": "Point", "coordinates": [ 5086744.131798636168242, -2831591.096646209713072, 676.0 ] } },
{ "type": "Feature", "properties": { "fid": 57, "Id": 57, "Burg": "Aiya", "Province": null, "Province Full Name": null, "State": "Neutrals", "State Full Name": "undefined", "Culture": "Drifters", "Religion": "No religion", "Population": 4397, "X": 1746.95, "Y": 221.39, "Latitude": 59.08, "Longitude": 69.08, "Elevation (m)": 169, "Capital": null, "Port": null, "Citadel": null, "Walls": null, "Plaza": null, "Temple": null, "Shanty Town": null, "City Generator Link": "https://watabou.github.io/city-generator/?name=Aiya&population=4397&size=23&seed=9799336580057&river=0&coast=0&farms=1&citadel=0&urban_castle=0&hub=false&plaza=0&temple=0&walls=0&shantytown=0&gates=-1", "Valley": "Dusk", "Founded in": 112 }, "geometry": { "type": "Point", "coordinates": [ 3844975.211999669205397, 3444557.117624415550381, 169.0 ] } },
{ "type": "Feature", "properties": { "fid": 58, "Id": 58, "Burg": "Chingsan", "Province": null, "Province Full Name": null, "State": "Neutrals", "State Full Name": "undefined", "Culture": "Dawn", "Religion": "No religion", "Population": 57543, "X": 832.0, "Y": 887.5, "Latitude": -33.93, "Longitude": -58.75, "Elevation (m)": 4, "Capital": null, "Port": "port", "Citadel": "citadel", "Walls": "walls", "Plaza": "plaza", "Temple": "temple", "Shanty Town": "shanty town", "City Generator Link": "https://watabou.github.io/city-generator/?name=Chingsan&population=57543&size=60&seed=9799336580058&river=1&coast=1&farms=1&citadel=1&urban_castle=1&hub=false&plaza=1&temple=1&walls=1&shantytown=1&gates=-1&sea=0.71", "Valley": "Dawn", "Founded in": 195 }, "geometry": { "type": "Point", "coordinates": [ -3270010.042052411008626, -1916751.214941535145044, 4.0 ] } },
{ "type": "Feature", "properties": { "fid": 59, "Id": 59, "Burg": "Doros", "Province": null, "Province Full Name": null, "State": "Neutrals", "State Full Name": "undefined", "Culture": "Night", "Religion": "Aumir", "Population": 14067, "X": 1172.9, "Y": 252.91, "Latitude": 54.68, "Longitude": -11.12, "Elevation (m)": 4, "Capital": null, "Port": null, "Citadel": "citadel", "Walls": null, "Plaza": "plaza", "Temple": null, "Shanty Town": null, "City Generator Link": "https://watabou.github.io/city-generator/?name=Doros&population=14067&size=35&seed=9799336580059&river=0&coast=0&farms=1&citadel=1&urban_castle=0&hub=false&plaza=1&temple=0&walls=0&shantytown=0&gates=-1", "Valley": "Night", "Founded in": 172 }, "geometry": { "type": "Point", "coordinates": [ -618936.368810601066798, 3166014.854778465349227, 4.0 ] } },
{ "type": "Feature", "properties": { "fid": 60, "Id": 60, "Burg": "Regoes", "Province": "Day", "Province Full Name": "Valley of the Day", "State": "Neutrals", "State Full Name": "undefined", "Culture": "Day", "Religion": "No religion", "Population": 2064, "X": 1764.6, "Y": 1198.1, "Latitude": -77.31, "Longitude": 71.55, "Elevation (m)": 25, "Capital": null, "Port": null, "Citadel": null, "Walls": null, "Plaza": "plaza", "Temple": null, "Shanty Town": null, "City Generator Link": "https://watabou.github.io/city-generator/?name=Regoes&population=2064&size=17&seed=9799336580060&river=1&coast=0&farms=1&citadel=0&urban_castle=0&hub=false&plaza=1&temple=0&walls=0&shantytown=0&gates=-1", "Valley": "Day", "Founded in": 113 }, "geometry": { "type": "Point", "coordinates": [ 3982454.783129361923784, -4672373.078097109682858, 25.0 ] } },
{ "type": "Feature", "properties": { "fid": 61, "Id": 61, "Burg": "Ergoigoibar", "Province": null, "Province Full Name": null, "State": "Neutrals", "State Full Name": "undefined", "Culture": "Night", "Religion": "Aumir", "Population": 1688, "X": 1152.84, "Y": 63.0, "Latitude": 81.2, "Longitude": -13.92, "Elevation (m)": 64, "Capital": null, "Port": null, "Citadel": null, "Walls": "walls", "Plaza": null, "Temple": null, "Shanty Town": null, "City Generator Link": "https://watabou.github.io/city-generator/?name=Ergoigoibar&population=1688&size=16&seed=9799336580061&river=1&coast=0&farms=1&citadel=0&urban_castle=0&hub=false&plaza=0&temple=0&walls=1&shantytown=0&gates=-1", "Valley": "Night", "Founded in": 172 }, "geometry": { "type": "Point", "coordinates": [ -774783.655921184108593, 4953519.58679180033505, 64.0 ] } },
{ "type": "Feature", "properties": { "fid": 62, "Id": 62, "Burg": "Bazujduzeszeg", "Province": null, "Province Full Name": null, "State": "Neutrals", "State Full Name": "undefined", "Culture": "Day", "Religion": "No religion", "Population": 1576, "X": 1861.59, "Y": 763.75, "Latitude": -16.65, "Longitude": 85.1, "Elevation (m)": 121, "Capital": null, "Port": null, "Citadel": "citadel", "Walls": null, "Plaza": null, "Temple": null, "Shanty Town": null, "City Generator Link": "https://watabou.github.io/city-generator/?name=Bazujduzeszeg&population=1576&size=15&seed=9799336580062&river=0&coast=0&farms=1&citadel=1&urban_castle=1&hub=false&plaza=0&temple=0&walls=0&shantytown=0&gates=-1", "Valley": "Dusk", "Founded in": 75 }, "geometry": { "type": "Point", "coordinates": [ 4736644.33325379062444, -930012.901968663441949, 121.0 ] } },
{ "type": "Feature", "properties": { "fid": 63, "Id": 63, "Burg": "Szargony", "Province": null, "Province Full Name": null, "State": "Neutrals", "State Full Name": "undefined", "Culture": "Day", "Religion": "No religion", "Population": 1547, "X": 1752.3, "Y": 804.73, "Latitude": -22.38, "Longitude": 69.83, "Elevation (m)": 16, "Capital": null, "Port": null, "Citadel": null, "Walls": null, "Plaza": null, "Temple": null, "Shanty Town": null, "City Generator Link": "https://watabou.github.io/city-generator/?name=Szargony&population=1547&size=15&seed=9799336580063&river=1&coast=0&farms=1&citadel=0&urban_castle=0&hub=false&plaza=0&temple=0&walls=0&shantytown=0&gates=-1", "Valley": "Dusk", "Founded in": 93 }, "geometry": { "type": "Point", "coordinates": [ 3886720.021047146525234, -1253660.363264048239216, 16.0 ] } },
{ "type": "Feature", "properties": { "fid": 64, "Id": 64, "Burg": "Gyt No", "Province": "Day", "Province Full Name": "Valley of the Day", "State": "Neutrals", "State Full Name": "undefined", "Culture": "Day", "Religion": "No religion", "Population": 18682, "X": 1412.76, "Y": 1141.9, "Latitude": -69.46, "Longitude": 22.39, "Elevation (m)": 144, "Capital": null, "Port": null, "Citadel": null, "Walls": null, "Plaza": "plaza", "Temple": null, "Shanty Town": null, "City Generator Link": "https://watabou.github.io/city-generator/?name=Gyt+No&population=18682&size=39&seed=9799336580064&river=1&coast=0&farms=1&citadel=0&urban_castle=0&hub=false&plaza=1&temple=0&walls=0&shantytown=0&gates=-1", "Valley": "Day", "Founded in": 134 }, "geometry": { "type": "Point", "coordinates": [ 1246221.699430697597563, -4127249.489730509929359, 144.0 ] } },
{ "type": "Feature", "properties": { "fid": 65, "Id": 65, "Burg": "Bellikavima", "Province": null, "Province Full Name": null, "State": "Neutrals", "State Full Name": "undefined", "Culture": "Night", "Religion": "Aumir", "Population": 1660, "X": 1289.23, "Y": 333.22, "Latitude": 43.47, "Longitude": 5.13, "Elevation (m)": 4, "Capital": null, "Port": null, "Citadel": "citadel", "Walls": null, "Plaza": "plaza", "Temple": null, "Shanty Town": null, "City Generator Link": "https://watabou.github.io/city-generator/?name=Bellikavima&population=1660&size=16&seed=9799336580065&river=0&coast=0&farms=1&citadel=1&urban_castle=0&hub=false&plaza=1&temple=0&walls=0&shantytown=0&gates=-1", "Valley": "Night", "Founded in": 161 }, "geometry": { "type": "Point", "coordinates": [ 285534.493884746683761, 2479738.398229647893459, 4.0 ] } },
{ "type": "Feature", "properties": { "fid": 66, "Id": 66, "Burg": "Hasamut", "Province": "Day", "Province Full Name": "Valley of the Day", "State": "Neutrals", "State Full Name": "undefined", "Culture": "Day", "Religion": "No religion", "Population": 16534, "X": 1126.0, "Y": 1168.0, "Latitude": -73.1, "Longitude": -17.67, "Elevation (m)": 100, "Capital": null, "Port": "port", "Citadel": "citadel", "Walls": null, "Plaza": "plaza", "Temple": null, "Shanty Town": null, "City Generator Link": "https://watabou.github.io/city-generator/?name=Hasamut&population=16534&size=37&seed=9799336580066&river=0&coast=1&farms=1&citadel=1&urban_castle=1&hub=false&plaza=1&temple=0&walls=0&shantytown=0&gates=-1&sea=0.18", "Valley": "Day", "Founded in": 165 }, "geometry": { "type": "Point", "coordinates": [ -983507.70115857210476, -4376566.834692953154445, 100.0 ] } },
{ "type": "Feature", "properties": { "fid": 67, "Id": 67, "Burg": "Valvi", "Province": null, "Province Full Name": null, "State": "Neutrals", "State Full Name": "undefined", "Culture": "Night", "Religion": "Aumir", "Population": 4741, "X": 1623.03, "Y": 266.63, "Latitude": 52.77, "Longitude": 51.77, "Elevation (m)": 25, "Capital": null, "Port": null, "Citadel": null, "Walls": null, "Plaza": null, "Temple": null, "Shanty Town": null, "City Generator Link": "https://watabou.github.io/city-generator/?name=Valvi&population=4741&size=23&seed=9799336580067&river=0&coast=0&farms=1&citadel=0&urban_castle=0&hub=false&plaza=0&temple=0&walls=0&shantytown=0&gates=-1", "Valley": "Night", "Founded in": 113 }, "geometry": { "type": "Point", "coordinates": [ 2881505.019183886703104, 3046843.511176475323737, 25.0 ] } },
{ "type": "Feature", "properties": { "fid": 68, "Id": 68, "Burg": "Jinzhou", "Province": null, "Province Full Name": null, "State": "Neutrals", "State Full Name": "undefined", "Culture": "Dawn", "Religion": "No religion", "Population": 12172, "X": 738.76, "Y": 497.88, "Latitude": 20.47, "Longitude": -71.78, "Elevation (m)": 4, "Capital": null, "Port": null, "Citadel": "citadel", "Walls": null, "Plaza": "plaza", "Temple": null, "Shanty Town": null, "City Generator Link": "https://watabou.github.io/city-generator/?name=Jinzhou&population=12172&size=33&seed=9799336580068&river=0&coast=0&farms=1&citadel=1&urban_castle=1&hub=false&plaza=1&temple=0&walls=0&shantytown=0&gates=-1", "Valley": "Dawn", "Founded in": 216 }, "geometry": { "type": "Point", "coordinates": [ -3995256.524570588488132, 1145463.301316190278158, 4.0 ] } },
{ "type": "Feature", "properties": { "fid": 69, "Id": 69, "Burg": "Pogliaferte", "Province": null, "Province Full Name": null, "State": "Neutrals", "State Full Name": "undefined", "Culture": "Dawn", "Religion": "No religion", "Population": 7994, "X": 890.52, "Y": 145.99, "Latitude": 69.61, "Longitude": -50.58, "Elevation (m)": 25, "Capital": null, "Port": null, "Citadel": "citadel", "Walls": null, "Plaza": null, "Temple": null, "Shanty Town": null, "City Generator Link": "https://watabou.github.io/city-generator/?name=Pogliaferte&population=7994&size=28&seed=9799336580069&river=0&coast=0&farms=1&citadel=1&urban_castle=0&hub=false&plaza=0&temple=0&walls=0&shantytown=0&gates=-1", "Valley": "Dawn", "Founded in": 192 }, "geometry": { "type": "Point", "coordinates": [ -2815269.922161888331175, 4137412.897379831410944, 25.0 ] } },
{ "type": "Feature", "properties": { "fid": 70, "Id": 70, "Burg": "Korestad", "Province": null, "Province Full Name": null, "State": "Neutrals", "State Full Name": "undefined", "Culture": "Noon", "Religion": "Asta", "Population": 11758, "X": 1796.14, "Y": 522.26, "Latitude": 17.07, "Longitude": 75.96, "Elevation (m)": 121, "Capital": null, "Port": null, "Citadel": "citadel", "Walls": null, "Plaza": "plaza", "Temple": "temple", "Shanty Town": null, "City Generator Link": "https://watabou.github.io/city-generator/?name=Korestad&population=11758&size=33&seed=9799336580070&river=1&coast=0&farms=1&citadel=1&urban_castle=1&hub=false&plaza=1&temple=1&walls=0&shantytown=0&gates=-1", "Valley": "Dusk", "Founded in": 79 }, "geometry": { "type": "Point", "coordinates": [ 4227914.260328530333936, 953645.340450075920671, 121.0 ] } },
{ "type": "Feature", "properties": { "fid": 71, "Id": 71, "Burg": "Eliusila", "Province": null, "Province Full Name": null, "State": "Neutrals", "State Full Name": "undefined", "Culture": "Dawn", "Religion": "No religion", "Population": 1913, "X": 1002.09, "Y": 891.08, "Latitude": -34.43, "Longitude": -34.99, "Elevation (m)": 64, "Capital": null, "Port": null, "Citadel": "citadel", "Walls": null, "Plaza": "plaza", "Temple": null, "Shanty Town": null, "City Generator Link": "https://watabou.github.io/city-generator/?name=Eliusila&population=1913&size=17&seed=9799336580071&river=0&coast=0&farms=1&citadel=1&urban_castle=0&hub=false&plaza=1&temple=0&walls=0&shantytown=0&gates=-1", "Valley": "Dawn", "Founded in": 187 }, "geometry": { "type": "Point", "coordinates": [ -1947534.491428321460262, -1945866.729223085334525, 64.0 ] } },
{ "type": "Feature", "properties": { "fid": 72, "Id": 72, "Burg": "Shfanaan", "Province": "Day", "Province Full Name": "Valley of the Day", "State": "Neutrals", "State Full Name": "undefined", "Culture": "Day", "Religion": "No religion", "Population": 23782, "X": 1045.84, "Y": 1094.82, "Latitude": -62.88, "Longitude": -28.87, "Elevation (m)": 676, "Capital": null, "Port": null, "Citadel": null, "Walls": "walls", "Plaza": "plaza", "Temple": null, "Shanty Town": null, "City Generator Link": "https://watabou.github.io/city-generator/?name=Shfanaan&population=23782&size=43&seed=9799336580072&river=0&coast=0&farms=1&citadel=0&urban_castle=0&hub=false&plaza=1&temple=0&walls=1&shantytown=0&gates=-1", "Valley": "Day", "Founded in": 172 }, "geometry": { "type": "Point", "coordinates": [ -1606896.849600904155523, -3690024.326389055233449, 676.0 ] } },
{ "type": "Feature", "properties": { "fid": 73, "Id": 73, "Burg": "Kyenga", "Province": null, "Province Full Name": null, "State": "Neutrals", "State Full Name": "undefined", "Culture": "Night", "Religion": "Aumir", "Population": 10669, "X": 1553.2, "Y": 183.16, "Latitude": 64.42, "Longitude": 42.01, "Elevation (m)": 4, "Capital": null, "Port": null, "Citadel": null, "Walls": null, "Plaza": "plaza", "Temple": null, "Shanty Town": null, "City Generator Link": "https://watabou.github.io/city-generator/?name=Kyenga&population=10669&size=32&seed=9799336580073&river=1&coast=0&farms=1&citadel=0&urban_castle=0&hub=false&plaza=1&temple=0&walls=0&shantytown=0&gates=-1", "Valley": "Night", "Founded in": 122 }, "geometry": { "type": "Point", "coordinates": [ 2338265.904112711548805, 3790908.067059891298413, 4.0 ] } },
{ "type": "Feature", "properties": { "fid": 74, "Id": 74, "Burg": "Sunker", "Province": null, "Province Full Name": null, "State": "Neutrals", "State Full Name": "undefined", "Culture": "Noon", "Religion": "Asta", "Population": 19602, "X": 1607.3, "Y": 533.53, "Latitude": 15.5, "Longitude": 49.57, "Elevation (m)": 225, "Capital": null, "Port": null, "Citadel": null, "Walls": "walls", "Plaza": "plaza", "Temple": null, "Shanty Town": null, "City Generator Link": "https://watabou.github.io/city-generator/?name=Sunker&population=19602&size=40&seed=9799336580074&river=1&coast=0&farms=1&citadel=0&urban_castle=0&hub=false&plaza=1&temple=0&walls=1&shantytown=0&gates=-1", "Valley": "Dusk", "Founded in": 106 }, "geometry": { "type": "Point", "coordinates": [ 2759053.579311285633594, 865368.902440674719401, 225.0 ] } },
{ "type": "Feature", "properties": { "fid": 75, "Id": 75, "Burg": "Vialiranave", "Province": "Day", "Province Full Name": "Valley of the Day", "State": "Neutrals", "State Full Name": "undefined", "Culture": "Day", "Religion": "No religion", "Population": 16282, "X": 1650.82, "Y": 1127.05, "Latitude": -67.38, "Longitude": 55.65, "Elevation (m)": 144, "Capital": null, "Port": null, "Citadel": "citadel", "Walls": "walls", "Plaza": null, "Temple": null, "Shanty Town": null, "City Generator Link": "https://watabou.github.io/city-generator/?name=Vialiranave&population=16282&size=37&seed=9799336580075&river=0&coast=0&farms=1&citadel=1&urban_castle=0&hub=false&plaza=0&temple=0&walls=1&shantytown=0&gates=-1", "Valley": "Day", "Founded in": 116 }, "geometry": { "type": "Point", "coordinates": [ 3097464.831322837155312, -3987252.168448979966342, 144.0 ] } },
{ "type": "Feature", "properties": { "fid": 76, "Id": 76, "Burg": "Mernah", "Province": "Day", "Province Full Name": "Valley of the Day", "State": "Neutrals", "State Full Name": "undefined", "Culture": "Day", "Religion": "No religion", "Population": 3175, "X": 1315.7, "Y": 1192.6, "Latitude": -76.54, "Longitude": 8.83, "Elevation (m)": 49, "Capital": null, "Port": null, "Citadel": null, "Walls": "walls", "Plaza": null, "Temple": null, "Shanty Town": null, "City Generator Link": "https://watabou.github.io/city-generator/?name=Mernah&population=3175&size=20&seed=9799336580076&river=0&coast=0&farms=1&citadel=0&urban_castle=0&hub=false&plaza=0&temple=0&walls=1&shantytown=0&gates=-1", "Valley": "Day", "Founded in": 143 }, "geometry": { "type": "Point", "coordinates": [ 491475.551852302858606, -4617638.286128265783191, 49.0 ] } },
{ "type": "Feature", "properties": { "fid": 77, "Id": 77, "Burg": "Jining", "Province": null, "Province Full Name": null, "State": "Neutrals", "State Full Name": "undefined", "Culture": "Dawn", "Religion": "No religion", "Population": 1626, "X": 892.13, "Y": 441.63, "Latitude": 28.33, "Longitude": -50.35, "Elevation (m)": 289, "Capital": null, "Port": null, "Citadel": "citadel", "Walls": "walls", "Plaza": null, "Temple": null, "Shanty Town": null, "City Generator Link": "https://watabou.github.io/city-generator/?name=Jining&population=1626&size=16&seed=9799336580077&river=0&coast=0&farms=1&citadel=1&urban_castle=0&hub=false&plaza=0&temple=0&walls=1&shantytown=0&gates=-1", "Valley": "Dawn", "Founded in": 199 }, "geometry": { "type": "Point", "coordinates": [ -2802468.180720662232488, 1593153.392035528551787, 289.0 ] } },
{ "type": "Feature", "properties": { "fid": 78, "Id": 78, "Burg": "Kikoupaupo", "Province": null, "Province Full Name": null, "State": "Neutrals", "State Full Name": "undefined", "Culture": "Noon", "Religion": "Asta", "Population": 2035, "X": 1978.81, "Y": 661.5, "Latitude": -2.37, "Longitude": 101.48, "Elevation (m)": 64, "Capital": null, "Port": null, "Citadel": null, "Walls": null, "Plaza": null, "Temple": null, "Shanty Town": null, "City Generator Link": "https://watabou.github.io/city-generator/?name=Kikoupaupo&population=2035&size=17&seed=9799336580078&river=1&coast=0&farms=1&citadel=0&urban_castle=0&hub=false&plaza=0&temple=0&walls=0&shantytown=0&gates=-1", "Valley": "Dusk", "Founded in": 50 }, "geometry": { "type": "Point", "coordinates": [ 5648350.962850701063871, -131923.001966692740098, 64.0 ] } },
{ "type": "Feature", "properties": { "fid": 79, "Id": 79, "Burg": "Mbale", "Province": null, "Province Full Name": null, "State": "Neutrals", "State Full Name": "undefined", "Culture": "Night", "Religion": "Aumir", "Population": 1661, "X": 1632.29, "Y": 160.77, "Latitude": 67.55, "Longitude": 53.06, "Elevation (m)": 4, "Capital": null, "Port": null, "Citadel": "citadel", "Walls": null, "Plaza": null, "Temple": null, "Shanty Town": null, "City Generator Link": "https://watabou.github.io/city-generator/?name=Mbale&population=1661&size=16&seed=9799336580079&river=1&coast=0&farms=1&citadel=1&urban_castle=0&hub=false&plaza=0&temple=0&walls=0&shantytown=0&gates=-1", "Valley": "Night", "Founded in": 121 }, "geometry": { "type": "Point", "coordinates": [ 2953306.090745547786355, 3998629.888071289286017, 4.0 ] } },
{ "type": "Feature", "properties": { "fid": 80, "Id": 80, "Burg": "Reriro", "Province": "Day", "Province Full Name": "Valley of the Day", "State": "Neutrals", "State Full Name": "undefined", "Culture": "Day", "Religion": "No religion", "Population": 11332, "X": 1657.23, "Y": 1213.24, "Latitude": -79.42, "Longitude": 56.55, "Elevation (m)": 25, "Capital": null, "Port": null, "Citadel": null, "Walls": "walls", "Plaza": "plaza", "Temple": null, "Shanty Town": null, "City Generator Link": "https://watabou.github.io/city-generator/?name=Reriro&population=11332&size=32&seed=9799336580080&river=0&coast=0&farms=1&citadel=0&urban_castle=0&hub=false&plaza=1&temple=0&walls=1&shantytown=0&gates=-1", "Valley": "Day", "Founded in": 121 }, "geometry": { "type": "Point", "coordinates": [ 3147558.602179809939116, -4823889.328196849673986, 25.0 ] } },
{ "type": "Feature", "properties": { "fid": 81, "Id": 81, "Burg": "Kudchna", "Province": null, "Province Full Name": null, "State": "Neutrals", "State Full Name": "undefined", "Culture": "Night", "Religion": "Aumir", "Population": 6331, "X": 1300.65, "Y": 255.81, "Latitude": 54.28, "Longitude": 6.73, "Elevation (m)": 4, "Capital": null, "Port": null, "Citadel": "citadel", "Walls": null, "Plaza": null, "Temple": null, "Shanty Town": null, "City Generator Link": "https://watabou.github.io/city-generator/?name=Kudchna&population=6331&size=26&seed=9799336580081&river=1&coast=0&farms=1&citadel=1&urban_castle=0&hub=false&plaza=0&temple=0&walls=0&shantytown=0&gates=-1", "Valley": "Night", "Founded in": 161 }, "geometry": { "type": "Point", "coordinates": [ 374590.086519365606364, 3140973.813810775522143, 4.0 ] } },
{ "type": "Feature", "properties": { "fid": 82, "Id": 82, "Burg": "Citadel of the Pass", "Province": null, "Province Full Name": null, "State": "Ateia", "State Full Name": "Ateian Brotherhood", "Culture": "Night", "Religion": "Aumir", "Population": 25898, "X": 1062.06, "Y": 211.76, "Latitude": 60.43, "Longitude": -26.61, "Elevation (m)": 1600, "Capital": "capital", "Port": null, "Citadel": "citadel", "Walls": "walls", "Plaza": null, "Temple": "temple", "Shanty Town": null, "City Generator Link": "https://watabou.github.io/city-generator/?name=Citadel+of+the+Pass&population=25898&size=44&seed=9799336580082&river=0&coast=0&farms=1&citadel=1&urban_castle=1&hub=false&plaza=0&temple=1&walls=1&shantytown=0&gates=-1", "Valley": "Night", "Founded in": 177 }, "geometry": { "type": "Point", "coordinates": [ -1481105.825004504760727, 3531216.133898138534278, 1600.0 ] } },
{ "type": "Feature", "properties": { "fid": 83, "Id": 83, "Burg": "Bancik", "Province": null, "Province Full Name": null, "State": "Neutrals", "State Full Name": "undefined", "Culture": "Noon", "Religion": "Asta", "Population": 6426, "X": 1921.5, "Y": 680.0, "Latitude": -4.96, "Longitude": 93.47, "Elevation (m)": 121, "Capital": null, "Port": "port", "Citadel": null, "Walls": null, "Plaza": null, "Temple": null, "Shanty Town": null, "City Generator Link": "https://watabou.github.io/city-generator/?name=Bancik&population=6426&size=26&seed=9799336580083&river=1&coast=1&farms=1&citadel=0&urban_castle=0&hub=false&plaza=0&temple=0&walls=0&shantytown=0&gates=-1&sea=1.34", "Valley": "Dusk", "Founded in": 63 }, "geometry": { "type": "Point", "coordinates": [ 5202516.40222364012152, -276158.582026255549863, 121.0 ] } },
{ "type": "Feature", "properties": { "fid": 84, "Id": 84, "Burg": "Kuoruvaa", "Province": null, "Province Full Name": null, "State": "Yayuat", "State Full Name": "Principality of Yayuat", "Culture": "Night", "Religion": "Aumir", "Population": 10519, "X": 1467.14, "Y": 349.18, "Latitude": 41.24, "Longitude": 29.99, "Elevation (m)": 4, "Capital": "capital", "Port": null, "Citadel": null, "Walls": "walls", "Plaza": null, "Temple": null, "Shanty Town": null, "City Generator Link": "https://watabou.github.io/city-generator/?name=Kuoruvaa&population=10519&size=32&seed=9799336580084&river=0&coast=0&farms=1&citadel=0&urban_castle=0&hub=false&plaza=0&temple=0&walls=1&shantytown=0&gates=-1", "Valley": "Night", "Founded in": 141 }, "geometry": { "type": "Point", "coordinates": [ 1669235.764445136999711, 2346624.897477397695184, 4.0 ] } },
{ "type": "Feature", "properties": { "fid": 85, "Id": 85, "Burg": "Laizhou", "Province": null, "Province Full Name": null, "State": "Neutrals", "State Full Name": "undefined", "Culture": "Dawn", "Religion": "No religion", "Population": 1024, "X": 932.21, "Y": 617.42, "Latitude": 3.78, "Longitude": -44.75, "Elevation (m)": 64, "Capital": null, "Port": null, "Citadel": null, "Walls": null, "Plaza": null, "Temple": null, "Shanty Town": null, "City Generator Link": "https://watabou.github.io/city-generator/?name=Laizhou&population=1024&size=13&seed=9799336580085&river=0&coast=0&farms=0&citadel=0&urban_castle=0&hub=false&plaza=0&temple=0&walls=0&shantytown=0&gates=-1", "Valley": "Dawn", "Founded in": 216 }, "geometry": { "type": "Point", "coordinates": [ -2490773.60649949638173, 210432.003742116503417, 64.0 ] } },
{ "type": "Feature", "properties": { "fid": 86, "Id": 86, "Burg": "Ottengenburg", "Province": null, "Province Full Name": null, "State": "Neutrals", "State Full Name": "undefined", "Culture": "Noon", "Religion": "Asta", "Population": 11841, "X": 2055.93, "Y": 492.89, "Latitude": 21.17, "Longitude": 112.26, "Elevation (m)": 4, "Capital": null, "Port": null, "Citadel": "citadel", "Walls": "walls", "Plaza": null, "Temple": null, "Shanty Town": null, "City Generator Link": "https://watabou.github.io/city-generator/?name=Ottengenburg&population=11841&size=33&seed=9799336580086&river=0&coast=0&farms=1&citadel=1&urban_castle=1&hub=false&plaza=0&temple=0&walls=1&shantytown=0&gates=-1", "Valley": "Dusk", "Founded in": 1 }, "geometry": { "type": "Point", "coordinates": [ 6248363.018226445652544, 1185077.235120647354051, 4.0 ] } },
{ "type": "Feature", "properties": { "fid": 87, "Id": 87, "Burg": "Fonte", "Province": null, "Province Full Name": null, "State": "Neutrals", "State Full Name": "undefined", "Culture": "Dawn", "Religion": "No religion", "Population": 1684, "X": 957.8, "Y": 381.28, "Latitude": 36.76, "Longitude": -41.18, "Elevation (m)": 64, "Capital": null, "Port": null, "Citadel": "citadel", "Walls": null, "Plaza": "plaza", "Temple": null, "Shanty Town": null, "City Generator Link": "https://watabou.github.io/city-generator/?name=Fonte&population=1684&size=16&seed=9799336580087&river=0&coast=0&farms=1&citadel=1&urban_castle=0&hub=false&plaza=1&temple=0&walls=0&shantytown=0&gates=-1", "Valley": "Dawn", "Founded in": 192 }, "geometry": { "type": "Point", "coordinates": [ -2292068.315433503128588, 2082075.195908493362367, 64.0 ] } },
{ "type": "Feature", "properties": { "fid": 88, "Id": 88, "Burg": "Waishan", "Province": null, "Province Full Name": null, "State": "Neutrals", "State Full Name": "undefined", "Culture": "Dawn", "Religion": "No religion", "Population": 1742, "X": 770.74, "Y": 814.0, "Latitude": -23.67, "Longitude": -67.31, "Elevation (m)": 4, "Capital": null, "Port": null, "Citadel": null, "Walls": null, "Plaza": "plaza", "Temple": null, "Shanty Town": null, "City Generator Link": "https://watabou.github.io/city-generator/?name=Waishan&population=1742&size=16&seed=9799336580088&river=0&coast=0&farms=1&citadel=0&urban_castle=0&hub=false&plaza=1&temple=0&walls=0&shantytown=0&gates=-1", "Valley": "Dawn", "Founded in": 205 }, "geometry": { "type": "Point", "coordinates": [ -3746457.462647621985525, -1326936.065651127370074, 4.0 ] } },
{ "type": "Feature", "properties": { "fid": 89, "Id": 89, "Burg": "Balashee", "Province": null, "Province Full Name": null, "State": "Neutrals", "State Full Name": "undefined", "Culture": "Drifters", "Religion": "No religion", "Population": 4523, "X": 1857.22, "Y": 320.67, "Latitude": 45.22, "Longitude": 84.49, "Elevation (m)": 121, "Capital": null, "Port": null, "Citadel": "citadel", "Walls": null, "Plaza": null, "Temple": null, "Shanty Town": null, "City Generator Link": "https://watabou.github.io/city-generator/?name=Balashee&population=4523&size=23&seed=9799336580089&river=0&coast=0&farms=0&citadel=1&urban_castle=0&hub=false&plaza=0&temple=0&walls=0&shantytown=0&gates=-1", "Valley": "Dusk", "Founded in": 97 }, "geometry": { "type": "Point", "coordinates": [ 4702691.888561842031777, 2584922.37649073312059, 121.0 ] } },
{ "type": "Feature", "properties": { "fid": 90, "Id": 90, "Burg": "Sobriro", "Province": "Day", "Province Full Name": "Valley of the Day", "State": "Neutrals", "State Full Name": "undefined", "Culture": "Day", "Religion": "No religion", "Population": 2652, "X": 1852.66, "Y": 1104.13, "Latitude": -64.18, "Longitude": 83.85, "Elevation (m)": 64, "Capital": null, "Port": null, "Citadel": "citadel", "Walls": null, "Plaza": null, "Temple": null, "Shanty Town": null, "City Generator Link": "https://watabou.github.io/city-generator/?name=Sobriro&population=2652&size=19&seed=9799336580090&river=1&coast=0&farms=1&citadel=1&urban_castle=1&hub=false&plaza=0&temple=0&walls=0&shantytown=0&gates=-1", "Valley": "Day", "Founded in": 103 }, "geometry": { "type": "Point", "coordinates": [ 4667069.651507994160056, -3775130.332274785265326, 64.0 ] } },
{ "type": "Feature", "properties": { "fid": 91, "Id": 91, "Burg": "Moki", "Province": null, "Province Full Name": null, "State": "Neutrals", "State Full Name": "undefined", "Culture": "Drifters", "Religion": "No religion", "Population": 708, "X": 1937.3, "Y": 284.8, "Latitude": 50.23, "Longitude": 95.68, "Elevation (m)": 4, "Capital": null, "Port": null, "Citadel": null, "Walls": null, "Plaza": "plaza", "Temple": null, "Shanty Town": null, "City Generator Link": "https://watabou.github.io/city-generator/?name=Moki&population=708&size=11&seed=9799336580091&river=0&coast=0&farms=0&citadel=0&urban_castle=0&hub=false&plaza=1&temple=0&walls=0&shantytown=0&gates=-1", "Valley": "Dusk", "Founded in": 93 }, "geometry": { "type": "Point", "coordinates": [ 5325524.439550207927823, 2889876.406951992306858, 4.0 ] } },
{ "type": "Feature", "properties": { "fid": 92, "Id": 92, "Burg": "Castri", "Province": null, "Province Full Name": null, "State": "Neutrals", "State Full Name": "undefined", "Culture": "Wildlands", "Religion": "Isti", "Population": 12767, "X": 978.51, "Y": 98.76, "Latitude": 76.21, "Longitude": -38.28, "Elevation (m)": 784, "Capital": null, "Port": null, "Citadel": null, "Walls": "walls", "Plaza": "plaza", "Temple": null, "Shanty Town": null, "City Generator Link": "https://watabou.github.io/city-generator/?name=Castri&population=12767&size=34&seed=9799336580092&river=0&coast=0&farms=1&citadel=0&urban_castle=0&hub=false&plaza=1&temple=0&walls=1&shantytown=0&gates=-1", "Valley": "Night", "Founded in": 187 }, "geometry": { "type": "Point", "coordinates": [ -2130655.053783256560564, 4594269.428578809835017, 784.0 ] } },
{ "type": "Feature", "properties": { "fid": 93, "Id": 93, "Burg": "Kolli", "Province": null, "Province Full Name": null, "State": "Neutrals", "State Full Name": "undefined", "Culture": "Night", "Religion": "Aumir", "Population": 5658, "X": 1489.45, "Y": 263.14, "Latitude": 53.25, "Longitude": 33.11, "Elevation (m)": 4, "Capital": null, "Port": null, "Citadel": "citadel", "Walls": null, "Plaza": null, "Temple": null, "Shanty Town": null, "City Generator Link": "https://watabou.github.io/city-generator/?name=Kolli&population=5658&size=25&seed=9799336580093&river=0&coast=0&farms=0&citadel=1&urban_castle=0&hub=false&plaza=0&temple=0&walls=0&shantytown=0&gates=-1", "Valley": "Night", "Founded in": 130 }, "geometry": { "type": "Point", "coordinates": [ 1842894.170082644093782, 3076698.068969158455729, 4.0 ] } },
{ "type": "Feature", "properties": { "fid": 94, "Id": 94, "Burg": "Pinkang", "Province": null, "Province Full Name": null, "State": "Neutrals", "State Full Name": "undefined", "Culture": "Dawn", "Religion": "No religion", "Population": 6404, "X": 830.51, "Y": 727.24, "Latitude": -11.55, "Longitude": -58.96, "Elevation (m)": 64, "Capital": null, "Port": null, "Citadel": null, "Walls": null, "Plaza": null, "Temple": null, "Shanty Town": null, "City Generator Link": "https://watabou.github.io/city-generator/?name=Pinkang&population=6404&size=26&seed=9799336580094&river=0&coast=0&farms=0&citadel=0&urban_castle=0&hub=false&plaza=0&temple=0&walls=0&shantytown=0&gates=-1", "Valley": "Dawn", "Founded in": 205 }, "geometry": { "type": "Point", "coordinates": [ -3281698.588585704565048, -643961.337681745877489, 64.0 ] } },
{ "type": "Feature", "properties": { "fid": 95, "Id": 95, "Burg": "Patrellasa", "Province": null, "Province Full Name": null, "State": "Neutrals", "State Full Name": "undefined", "Culture": "Dawn", "Religion": "No religion", "Population": 11500, "X": 1088.75, "Y": 453.5, "Latitude": 26.67, "Longitude": -22.88, "Elevation (m)": 64, "Capital": null, "Port": null, "Citadel": null, "Walls": "walls", "Plaza": "plaza", "Temple": null, "Shanty Town": null, "City Generator Link": "https://watabou.github.io/city-generator/?name=Patrellasa&population=11500&size=33&seed=9799336580095&river=0&coast=0&farms=0&citadel=0&urban_castle=0&hub=false&plaza=1&temple=0&walls=1&shantytown=0&gates=-1", "Valley": "Dawn", "Founded in": 192 }, "geometry": { "type": "Point", "coordinates": [ -1273494.974675049539655, 1498031.307987084845081, 64.0 ] } },
{ "type": "Feature", "properties": { "fid": 96, "Id": 96, "Burg": "Huang", "Province": null, "Province Full Name": null, "State": "Neutrals", "State Full Name": "undefined", "Culture": "Dawn", "Religion": "No religion", "Population": 13250, "X": 968.5, "Y": 542.0, "Latitude": 14.31, "Longitude": -39.68, "Elevation (m)": 64, "Capital": null, "Port": null, "Citadel": "citadel", "Walls": null, "Plaza": "plaza", "Temple": null, "Shanty Town": null, "City Generator Link": "https://watabou.github.io/city-generator/?name=Huang&population=13250&size=34&seed=9799336580096&river=0&coast=0&farms=0&citadel=1&urban_castle=1&hub=false&plaza=1&temple=0&walls=0&shantytown=0&gates=-1", "Valley": "Dawn", "Founded in": 205 }, "geometry": { "type": "Point", "coordinates": [ -2208578.697338547557592, 798569.222743036109023, 64.0 ] } },
{ "type": "Feature", "properties": { "fid": 97, "Id": 97, "Burg": "Bulekh Orov", "Province": "Day", "Province Full Name": "Valley of the Day", "State": "Neutrals", "State Full Name": "undefined", "Culture": "Day", "Religion": "No religion", "Population": 678, "X": 1556.65, "Y": 967.42, "Latitude": -45.09, "Longitude": 42.5, "Elevation (m)": 169, "Capital": null, "Port": null, "Citadel": null, "Walls": null, "Plaza": null, "Temple": null, "Shanty Town": null, "City Generator Link": "https://watabou.github.io/city-generator/?name=Bulekh+Orov&population=678&size=11&seed=9799336580097&river=1&coast=0&farms=1&citadel=0&urban_castle=0&hub=false&plaza=0&temple=0&walls=0&shantytown=0&gates=-1", "Valley": "Day", "Founded in": 127 }, "geometry": { "type": "Point", "coordinates": [ 2365539.179357063490897, -2577086.040576016996056, 169.0 ] } },
{ "type": "Feature", "properties": { "fid": 98, "Id": 98, "Burg": "Hamapurara", "Province": null, "Province Full Name": null, "State": "Neutrals", "State Full Name": "undefined", "Culture": "Night", "Religion": "Aumir", "Population": 5429, "X": 1503.2, "Y": 93.93, "Latitude": 76.88, "Longitude": 35.03, "Elevation (m)": 4, "Capital": null, "Port": null, "Citadel": null, "Walls": null, "Plaza": "plaza", "Temple": null, "Shanty Town": null, "City Generator Link": "https://watabou.github.io/city-generator/?name=Hamapurara&population=5429&size=25&seed=9799336580098&river=1&coast=0&farms=1&citadel=0&urban_castle=0&hub=false&plaza=1&temple=0&walls=0&shantytown=0&gates=-1", "Valley": "Night", "Founded in": 130 }, "geometry": { "type": "Point", "coordinates": [ 1949760.881244186777622, 4641770.887565958313644, 4.0 ] } },
{ "type": "Feature", "properties": { "fid": 99, "Id": 99, "Burg": "Malveiba", "Province": "Day", "Province Full Name": "Valley of the Day", "State": "Neutrals", "State Full Name": "undefined", "Culture": "Day", "Religion": "No religion", "Population": 7306, "X": 1709.29, "Y": 1137.53, "Latitude": -68.85, "Longitude": 63.82, "Elevation (m)": 100, "Capital": null, "Port": null, "Citadel": null, "Walls": null, "Plaza": null, "Temple": null, "Shanty Town": null, "City Generator Link": "https://watabou.github.io/city-generator/?name=Malveiba&population=7306&size=27&seed=9799336580099&river=0&coast=0&farms=1&citadel=0&urban_castle=0&hub=false&plaza=0&temple=0&walls=0&shantytown=0&gates=-1", "Valley": "Day", "Founded in": 113 }, "geometry": { "type": "Point", "coordinates": [ 3552204.951213359367102, -4086012.908076896332204, 100.0 ] } },
{ "type": "Feature", "properties": { "fid": 100, "Id": 100, "Burg": "Veren", "Province": "Day", "Province Full Name": "Valley of the Day", "State": "Neutrals", "State Full Name": "undefined", "Culture": "Day", "Religion": "No religion", "Population": 5369, "X": 1301.36, "Y": 908.59, "Latitude": -36.88, "Longitude": 6.83, "Elevation (m)": 225, "Capital": null, "Port": null, "Citadel": "citadel", "Walls": null, "Plaza": "plaza", "Temple": null, "Shanty Town": null, "City Generator Link": "https://watabou.github.io/city-generator/?name=Veren&population=5369&size=24&seed=9799336580100&river=1&coast=0&farms=1&citadel=1&urban_castle=1&hub=false&plaza=1&temple=0&walls=0&shantytown=0&gates=-1", "Valley": "Day", "Founded in": 161 }, "geometry": { "type": "Point", "coordinates": [ 380156.061059029249009, -2089114.637996952980757, 225.0 ] } },
{ "type": "Feature", "properties": { "fid": 101, "Id": 101, "Burg": "Tasa", "Province": null, "Province Full Name": null, "State": "Neutrals", "State Full Name": "undefined", "Culture": "Drifters", "Religion": "No religion", "Population": 12885, "X": 1891.94, "Y": 239.78, "Latitude": 56.52, "Longitude": 89.34, "Elevation (m)": 121, "Capital": null, "Port": null, "Citadel": null, "Walls": "walls", "Plaza": "plaza", "Temple": null, "Shanty Town": null, "City Generator Link": "https://watabou.github.io/city-generator/?name=Tasa&population=12885&size=34&seed=9799336580101&river=0&coast=0&farms=1&citadel=0&urban_castle=0&hub=false&plaza=1&temple=0&walls=1&shantytown=0&gates=-1", "Valley": "Dusk", "Founded in": 99 }, "geometry": { "type": "Point", "coordinates": [ 4972641.653735530562699, 3281793.563962989952415, 121.0 ] } },
{ "type": "Feature", "properties": { "fid": 102, "Id": 102, "Burg": "Chitna", "Province": null, "Province Full Name": null, "State": "Neutrals", "State Full Name": "undefined", "Culture": "Night", "Religion": "Aumir", "Population": 4334, "X": 1231.35, "Y": 327.25, "Latitude": 44.3, "Longitude": -2.96, "Elevation (m)": 784, "Capital": null, "Port": null, "Citadel": "citadel", "Walls": null, "Plaza": null, "Temple": null, "Shanty Town": null, "City Generator Link": "https://watabou.github.io/city-generator/?name=Chitna&population=4334&size=23&seed=9799336580102&river=0&coast=0&farms=0&citadel=1&urban_castle=1&hub=false&plaza=0&temple=0&walls=0&shantytown=0&gates=-1", "Valley": "Night", "Founded in": 165 }, "geometry": { "type": "Point", "coordinates": [ -164752.846374044893309, 2529544.077477849554271, 784.0 ] } },
{ "type": "Feature", "properties": { "fid": 103, "Id": 103, "Burg": "Tetonykut", "Province": null, "Province Full Name": null, "State": "Neutrals", "State Full Name": "undefined", "Culture": "Winds", "Religion": "No religion", "Population": 1654, "X": 1971.71, "Y": 915.5, "Latitude": -37.84, "Longitude": 100.49, "Elevation (m)": 361, "Capital": null, "Port": null, "Citadel": null, "Walls": "walls", "Plaza": null, "Temple": null, "Shanty Town": null, "City Generator Link": "https://watabou.github.io/city-generator/?name=Tetonykut&population=1654&size=16&seed=9799336580103&river=0&coast=0&farms=1&citadel=0&urban_castle=0&hub=false&plaza=0&temple=0&walls=1&shantytown=0&gates=-1", "Valley": "Dusk", "Founded in": 86 }, "geometry": { "type": "Point", "coordinates": [ 5593247.814908030442894, -2145519.471772068645805, 361.0 ] } },
{ "type": "Feature", "properties": { "fid": 104, "Id": 104, "Burg": "Monte", "Province": null, "Province Full Name": null, "State": "Neutrals", "State Full Name": "undefined", "Culture": "Dawn", "Religion": "No religion", "Population": 22667, "X": 939.0, "Y": 123.5, "Latitude": 72.75, "Longitude": -43.8, "Elevation (m)": 25, "Capital": null, "Port": "port", "Citadel": "citadel", "Walls": "walls", "Plaza": null, "Temple": "temple", "Shanty Town": null, "City Generator Link": "https://watabou.github.io/city-generator/?name=Monte&population=22667&size=42&seed=9799336580104&river=0&coast=1&farms=1&citadel=1&urban_castle=1&hub=false&plaza=0&temple=1&walls=1&shantytown=0&gates=-1&sea=0.84", "Valley": "Dawn", "Founded in": 191 }, "geometry": { "type": "Point", "coordinates": [ -2437896.848372690845281, 4352344.237683370709419, 25.0 ] } },
{ "type": "Feature", "properties": { "fid": 105, "Id": 105, "Burg": "Modurelius", "Province": null, "Province Full Name": null, "State": "Neutrals", "State Full Name": "undefined", "Culture": "Dawn", "Religion": "No religion", "Population": 725, "X": 1045.64, "Y": 779.6, "Latitude": -18.87, "Longitude": -28.9, "Elevation (m)": 64, "Capital": null, "Port": null, "Citadel": null, "Walls": null, "Plaza": "plaza", "Temple": null, "Shanty Town": null, "City Generator Link": "https://watabou.github.io/city-generator/?name=Modurelius&population=725&size=12&seed=9799336580105&river=1&coast=0&farms=1&citadel=0&urban_castle=0&hub=false&plaza=1&temple=0&walls=0&shantytown=0&gates=-1", "Valley": "Dawn", "Founded in": 187 }, "geometry": { "type": "Point", "coordinates": [ -1608566.641962802968919, -1055078.625037459889427, 64.0 ] } },
{ "type": "Feature", "properties": { "fid": 106, "Id": 106, "Burg": "Darvangor", "Province": "Day", "Province Full Name": "Valley of the Day", "State": "Neutrals", "State Full Name": "undefined", "Culture": "Day", "Religion": "No religion", "Population": 2313, "X": 1351.55, "Y": 858.18, "Latitude": -29.84, "Longitude": 13.84, "Elevation (m)": 676, "Capital": null, "Port": null, "Citadel": null, "Walls": null, "Plaza": "plaza", "Temple": null, "Shanty Town": null, "City Generator Link": "https://watabou.github.io/city-generator/?name=Darvangor&population=2313&size=18&seed=9799336580106&river=1&coast=0&farms=1&citadel=0&urban_castle=0&hub=false&plaza=1&temple=0&walls=0&shantytown=0&gates=-1", "Valley": "Day", "Founded in": 154 }, "geometry": { "type": "Point", "coordinates": [ 770330.876289453008212, -1679982.147479691309854, 676.0 ] } },
{ "type": "Feature", "properties": { "fid": 107, "Id": 107, "Burg": "Cajunara", "Province": "Day", "Province Full Name": "Valley of the Day", "State": "Neutrals", "State Full Name": "undefined", "Culture": "Day", "Religion": "No religion", "Population": 1700, "X": 1834.44, "Y": 947.13, "Latitude": -42.26, "Longitude": 81.31, "Elevation (m)": 676, "Capital": null, "Port": null, "Citadel": null, "Walls": "walls", "Plaza": "plaza", "Temple": null, "Shanty Town": null, "City Generator Link": "https://watabou.github.io/city-generator/?name=Cajunara&population=1700&size=16&seed=9799336580107&river=1&coast=0&farms=1&citadel=0&urban_castle=0&hub=false&plaza=1&temple=0&walls=1&shantytown=0&gates=-1", "Valley": "Day", "Founded in": 97 }, "geometry": { "type": "Point", "coordinates": [ 4525693.898200537078083, -2407386.466587248723954, 676.0 ] } },
{ "type": "Feature", "properties": { "fid": 108, "Id": 108, "Burg": "Uyaria", "Province": null, "Province Full Name": null, "State": "Uyaria", "State Full Name": "Uyarian City-state", "Culture": "Noon", "Religion": "Asta", "Population": 2111, "X": 1790.0, "Y": 450.0, "Latitude": 27.16, "Longitude": 75.1, "Elevation (m)": 121, "Capital": "capital", "Port": null, "Citadel": null, "Walls": null, "Plaza": null, "Temple": null, "Shanty Town": null, "City Generator Link": "https://watabou.github.io/city-generator/?name=Uyaria&population=2111&size=17&seed=9799336580108&river=0&coast=0&farms=0&citadel=0&urban_castle=0&hub=false&plaza=0&temple=0&walls=0&shantytown=0&gates=-1", "Valley": "Dusk", "Founded in": 86 }, "geometry": { "type": "Point", "coordinates": [ 4180046.879287422169, 1526074.596155937761068, 121.0 ] } },
{ "type": "Feature", "properties": { "fid": 109, "Id": 109, "Burg": "Euata", "Province": "Day", "Province Full Name": "Valley of the Day", "State": "Iyu", "State Full Name": "City-state of Iyu", "Culture": "Day", "Religion": "No religion", "Population": 519, "X": 1250.0, "Y": 745.0, "Latitude": -14.03, "Longitude": -0.35, "Elevation (m)": 729, "Capital": "capital", "Port": null, "Citadel": null, "Walls": null, "Plaza": null, "Temple": null, "Shanty Town": null, "City Generator Link": "https://watabou.github.io/city-generator/?name=Euata&population=519&size=10&seed=9799336580109&river=0&coast=0&farms=0&citadel=0&urban_castle=0&hub=false&plaza=0&temple=0&walls=0&shantytown=0&gates=-1", "Valley": "Day", "Founded in": 169 }, "geometry": { "type": "Point", "coordinates": [ -19480.910888822872948, -782864.573458356200717, 729.0 ] } },
{ "type": "Feature", "properties": { "fid": 110, "Id": 110, "Burg": "Urir", "Province": "Day", "Province Full Name": "Valley of the Day", "State": "Easu", "State Full Name": "City-state of Easu", "Culture": "Day", "Religion": "No religion", "Population": 4126, "X": 1446.0, "Y": 955.0, "Latitude": -43.36, "Longitude": 27.04, "Elevation (m)": 4, "Capital": "capital", "Port": null, "Citadel": null, "Walls": null, "Plaza": null, "Temple": null, "Shanty Town": null, "City Generator Link": "https://watabou.github.io/city-generator/?name=Urir&population=4126&size=22&seed=9799336580110&river=0&coast=0&farms=0&citadel=0&urban_castle=0&hub=false&plaza=0&temple=0&walls=0&shantytown=0&gates=-1", "Valley": "Day", "Founded in": 141 }, "geometry": { "type": "Point", "coordinates": [ 1505039.515525058610365, -2473148.497614046093076, 4.0 ] } },
{ "type": "Feature", "properties": { "fid": 111, "Id": 111, "Burg": "Sera", "Province": null, "Province Full Name": null, "State": "Sulia", "State Full Name": "Sulian City-state", "Culture": "Dawn", "Religion": "No religion", "Population": 6503, "X": 942.0, "Y": 615.0, "Latitude": 4.12, "Longitude": -43.38, "Elevation (m)": 64, "Capital": "capital", "Port": null, "Citadel": "citadel", "Walls": null, "Plaza": null, "Temple": null, "Shanty Town": null, "City Generator Link": "https://watabou.github.io/city-generator/?name=Sera&population=6503&size=26&seed=9799336580111&river=1&coast=0&farms=1&citadel=1&urban_castle=0&hub=false&plaza=0&temple=0&walls=0&shantytown=0&gates=-1", "Valley": "Dawn", "Founded in": 211 }, "geometry": { "type": "Point", "coordinates": [ -2414519.755306104198098, 229367.572626860783203, 64.0 ] } },
{ "type": "Feature", "properties": { "fid": 112, "Id": 112, "Burg": "Kukar", "Province": null, "Province Full Name": null, "State": "Kukar", "State Full Name": "Council of Kukar", "Culture": "Dawn", "Religion": "No religion", "Population": 4144, "X": 904.0, "Y": 798.0, "Latitude": -21.44, "Longitude": -48.69, "Elevation (m)": 4, "Capital": "capital", "Port": null, "Citadel": null, "Walls": null, "Plaza": null, "Temple": null, "Shanty Town": null, "City Generator Link": "https://watabou.github.io/city-generator/?name=Kukar&population=4144&size=22&seed=9799336580112&river=0&coast=0&farms=0&citadel=0&urban_castle=0&hub=false&plaza=0&temple=0&walls=0&shantytown=0&gates=-1", "Valley": "Dawn", "Founded in": 195 }, "geometry": { "type": "Point", "coordinates": [ -2710073.003362244926393, -1200368.90082055865787, 4.0 ] } },
{ "type": "Feature", "properties": { "fid": 113, "Id": 113, "Burg": "Sa", "Province": null, "Province Full Name": null, "State": "Sa", "State Full Name": "City-state of Sa", "Culture": "Dawn", "Religion": "Isti", "Population": 2194, "X": 856.0, "Y": 953.0, "Latitude": -43.08, "Longitude": -55.4, "Elevation (m)": 64, "Capital": "capital", "Port": null, "Citadel": "citadel", "Walls": "walls", "Plaza": "plaza", "Temple": null, "Shanty Town": null, "City Generator Link": "https://watabou.github.io/city-generator/?name=Sa&population=2194&size=17&seed=9799336580113&river=1&coast=0&farms=0&citadel=1&urban_castle=0&hub=false&plaza=1&temple=0&walls=1&shantytown=0&gates=-1", "Valley": "Dawn", "Founded in": 192 }, "geometry": { "type": "Point", "coordinates": [ -3083549.8949736780487, -2456385.532216579653323, 64.0 ] } },
{ "type": "Feature", "properties": { "fid": 114, "Id": 114, "Burg": "Citadel of Utaia", "Province": null, "Province Full Name": null, "State": "Utaia", "State Full Name": "Diarchy of Utaia", "Culture": "Day", "Religion": "No religion", "Population": 513, "X": 1032.0, "Y": 959.0, "Latitude": -43.92, "Longitude": -30.81, "Elevation (m)": 2704, "Capital": "capital", "Port": null, "Citadel": "citadel", "Walls": null, "Plaza": "plaza", "Temple": null, "Shanty Town": null, "City Generator Link": "https://watabou.github.io/city-generator/?name=Citadel+of+Utaia&population=513&size=10&seed=9799336580114&river=0&coast=0&farms=0&citadel=1&urban_castle=1&hub=false&plaza=1&temple=0&walls=0&shantytown=0&gates=-1", "Valley": "Dawn", "Founded in": 174 }, "geometry": { "type": "Point", "coordinates": [ -1714876.755670379148796, -2506723.434095944743603, 2704.0 ] } },
{ "type": "Feature", "properties": { "fid": 115, "Id": 115, "Burg": "Citadel of Almo", "Province": null, "Province Full Name": null, "State": "Almo", "State Full Name": "Alman Dominion", "Culture": "Day", "Religion": "Vala", "Population": 844, "X": 1732.0, "Y": 810.0, "Latitude": -23.11, "Longitude": 67.0, "Elevation (m)": 2209, "Capital": "capital", "Port": null, "Citadel": null, "Walls": null, "Plaza": null, "Temple": null, "Shanty Town": null, "City Generator Link": "https://watabou.github.io/city-generator/?name=Citadel+of+Almo&population=844&size=12&seed=9799336580115&river=0&coast=0&farms=0&citadel=0&urban_castle=0&hub=false&plaza=0&temple=0&walls=0&shantytown=0&gates=-1", "Valley": "Dusk", "Founded in": 97 }, "geometry": { "type": "Point", "coordinates": [ 3729202.941574664786458, -1295105.794142304686829, 2209.0 ] } },
{ "type": "Feature", "properties": { "fid": 116, "Id": 116, "Burg": "Ian", "Province": null, "Province Full Name": null, "State": "Olalia", "State Full Name": "Principality of Olalia", "Culture": "Wildlands", "Religion": "Isti", "Population": 208, "X": 1700.0, "Y": 225.0, "Latitude": 58.58, "Longitude": 62.52, "Elevation (m)": 3249, "Capital": "capital", "Port": null, "Citadel": null, "Walls": "walls", "Plaza": null, "Temple": null, "Shanty Town": null, "City Generator Link": "https://watabou.github.io/city-generator/?name=Ian&population=208&size=7&seed=9799336580116&river=0&coast=0&farms=0&citadel=0&urban_castle=0&hub=false&plaza=0&temple=0&walls=1&shantytown=0&gates=-1", "Valley": "Dusk", "Founded in": 113 }, "geometry": { "type": "Point", "coordinates": [ 3479847.282197732012719, 3412608.570226963143796, 3249.0 ] } },
{ "type": "Feature", "properties": { "fid": 117, "Id": 117, "Burg": "Aira", "Province": null, "Province Full Name": null, "State": "Etatar", "State Full Name": "Etatar Oligarchy", "Culture": "Night", "Religion": "Aumir", "Population": 1848, "X": 1456.0, "Y": 385.0, "Latitude": 36.24, "Longitude": 28.43, "Elevation (m)": 1764, "Capital": "capital", "Port": null, "Citadel": "citadel", "Walls": "walls", "Plaza": "plaza", "Temple": null, "Shanty Town": null, "City Generator Link": "https://watabou.github.io/city-generator/?name=Aira&population=1848&size=16&seed=9799336580117&river=0&coast=0&farms=0&citadel=1&urban_castle=0&hub=false&plaza=1&temple=0&walls=1&shantytown=0&gates=-1", "Valley": "Night", "Founded in": 143 }, "geometry": { "type": "Point", "coordinates": [ 1582406.561626383801922, 2051599.125075516290963, 1764.0 ] } },
{ "type": "Feature", "properties": { "fid": 118, "Id": 118, "Burg": "Otety", "Province": null, "Province Full Name": null, "State": "Otetia", "State Full Name": "Principality of Otetia", "Culture": "Night", "Religion": "Aumir", "Population": 506, "X": 1156.0, "Y": 300.0, "Latitude": 48.11, "Longitude": -13.48, "Elevation (m)": 2704, "Capital": "capital", "Port": null, "Citadel": "citadel", "Walls": null, "Plaza": null, "Temple": null, "Shanty Town": null, "City Generator Link": "https://watabou.github.io/city-generator/?name=Otety&population=506&size=10&seed=9799336580118&river=0&coast=0&farms=0&citadel=1&urban_castle=1&hub=false&plaza=0&temple=0&walls=0&shantytown=0&gates=-1", "Valley": "Night", "Founded in": 172 }, "geometry": { "type": "Point", "coordinates": [ -750293.367946663871408, 2760111.532402793876827, 2704.0 ] } },
{ "type": "Feature", "properties": { "fid": 119, "Id": 119, "Burg": "Ithiu", "Province": null, "Province Full Name": null, "State": "Yeria", "State Full Name": "Principality of Yeria", "Culture": "Night", "Religion": "Aumir", "Population": 5465, "X": 1180.0, "Y": 145.0, "Latitude": 69.75, "Longitude": -10.13, "Elevation (m)": 4, "Capital": "capital", "Port": null, "Citadel": "citadel", "Walls": null, "Plaza": null, "Temple": null, "Shanty Town": null, "City Generator Link": "https://watabou.github.io/city-generator/?name=Ithiu&population=5465&size=25&seed=9799336580119&river=1&coast=0&farms=1&citadel=1&urban_castle=0&hub=false&plaza=0&temple=0&walls=0&shantytown=0&gates=-1", "Valley": "Night", "Founded in": 172 }, "geometry": { "type": "Point", "coordinates": [ -563833.220867930678651, 4146907.091522720176727, 4.0 ] } },
{ "type": "Feature", "properties": { "fid": 120, "Id": 120, "Burg": "Atsa", "Province": null, "Province Full Name": null, "State": "Atsia", "State Full Name": "Principality of Atsia", "Culture": "Night", "Religion": "Aumir", "Population": 5852, "X": 1214.0, "Y": 215.0, "Latitude": 59.98, "Longitude": -5.38, "Elevation (m)": 4, "Capital": "capital", "Port": null, "Citadel": "citadel", "Walls": "walls", "Plaza": null, "Temple": null, "Shanty Town": null, "City Generator Link": "https://watabou.github.io/city-generator/?name=Atsa&population=5852&size=25&seed=9799336580120&river=1&coast=0&farms=1&citadel=1&urban_castle=1&hub=false&plaza=0&temple=0&walls=1&shantytown=0&gates=-1", "Valley": "Night", "Founded in": 169 }, "geometry": { "type": "Point", "coordinates": [ -299449.430233905906789, 3502264.501497043296695, 4.0 ] } },
{ "type": "Feature", "properties": { "fid": 121, "Id": 121, "Burg": "Eneya", "Province": null, "Province Full Name": null, "State": "Ieia", "State Full Name": "Ieian Trade Company", "Culture": "Night", "Religion": "Aumir", "Population": 11881, "X": 1620.0, "Y": 69.0, "Latitude": 80.36, "Longitude": 51.35, "Elevation (m)": 4, "Capital": "capital", "Port": null, "Citadel": null, "Walls": "walls", "Plaza": null, "Temple": null, "Shanty Town": null, "City Generator Link": "https://watabou.github.io/city-generator/?name=Eneya&population=11881&size=33&seed=9799336580121&river=1&coast=0&farms=1&citadel=0&urban_castle=0&hub=false&plaza=0&temple=0&walls=1&shantytown=0&gates=-1", "Valley": "Night", "Founded in": 127 }, "geometry": { "type": "Point", "coordinates": [ 2858127.926117298658937, 4892133.969331107102334, 4.0 ] } },
{ "type": "Feature", "properties": { "fid": 122, "Id": 122, "Burg": "Kure", "Province": null, "Province Full Name": null, "State": "Kure", "State Full Name": "Kurean City-state", "Culture": "Drifters", "Religion": "No religion", "Population": 6833, "X": 1732.0, "Y": 134.0, "Latitude": 71.29, "Longitude": 67.0, "Elevation (m)": 676, "Capital": "capital", "Port": null, "Citadel": null, "Walls": "walls", "Plaza": null, "Temple": null, "Shanty Town": null, "City Generator Link": "https://watabou.github.io/city-generator/?name=Kure&population=6833&size=27&seed=9799336580122&river=0&coast=0&farms=1&citadel=0&urban_castle=0&hub=false&plaza=0&temple=0&walls=1&shantytown=0&gates=-1", "Valley": "Night", "Founded in": 116 }, "geometry": { "type": "Point", "coordinates": [ 3729202.941574664786458, 4251883.225685947574675, 676.0 ] } },
{ "type": "Feature", "properties": { "fid": 123, "Id": 123, "Burg": "Itia", "Province": null, "Province Full Name": null, "State": "Itia", "State Full Name": "Itian Free City", "Culture": "Wildlands", "Religion": "Isti", "Population": 4209, "X": 1713.0, "Y": 22.0, "Latitude": 86.93, "Longitude": 64.34, "Elevation (m)": 64, "Capital": "capital", "Port": null, "Citadel": null, "Walls": null, "Plaza": null, "Temple": null, "Shanty Town": null, "City Generator Link": "https://watabou.github.io/city-generator/?name=Itia&population=4209&size=22&seed=9799336580123&river=0&coast=0&farms=1&citadel=0&urban_castle=0&hub=false&plaza=0&temple=0&walls=0&shantytown=0&gates=-1", "Valley": "Night", "Founded in": 122 }, "geometry": { "type": "Point", "coordinates": [ 3581148.018819611053914, 5383019.5579191185534, 64.0 ] } },
{ "type": "Feature", "properties": { "fid": 124, "Id": 124, "Burg": "Vul", "Province": null, "Province Full Name": null, "State": "Reronia", "State Full Name": "Free Territory of Reronia", "Culture": "Wildlands", "Religion": "Isti", "Population": 7509, "X": 1974.0, "Y": 337.0, "Latitude": 42.94, "Longitude": 100.81, "Elevation (m)": 4, "Capital": "capital", "Port": null, "Citadel": "citadel", "Walls": "walls", "Plaza": "plaza", "Temple": null, "Shanty Town": null, "City Generator Link": "https://watabou.github.io/city-generator/?name=Vul&population=7509&size=28&seed=9799336580124&river=0&coast=0&farms=1&citadel=1&urban_castle=1&hub=false&plaza=1&temple=0&walls=1&shantytown=0&gates=-1", "Valley": "Dusk", "Founded in": 86 }, "geometry": { "type": "Point", "coordinates": [ 5611058.933434953913093, 2448010.117605360690504, 4.0 ] } },
{ "type": "Feature", "properties": { "fid": 125, "Id": 125, "Burg": "Teveh", "Province": null, "Province Full Name": null, "State": "Teveh", "State Full Name": "City-state of Teveh", "Culture": "Noon", "Religion": "Asta", "Population": 6802, "X": 2024.0, "Y": 481.0, "Latitude": 22.83, "Longitude": 107.79, "Elevation (m)": 4, "Capital": "capital", "Port": null, "Citadel": null, "Walls": null, "Plaza": "plaza", "Temple": null, "Shanty Town": null, "City Generator Link": "https://watabou.github.io/city-generator/?name=Teveh&population=6802&size=27&seed=9799336580125&river=0&coast=0&farms=1&citadel=0&urban_castle=0&hub=false&plaza=1&temple=0&walls=0&shantytown=0&gates=-1", "Valley": "Dusk", "Founded in": 21 }, "geometry": { "type": "Point", "coordinates": [ 5999563.95630348008126, 1279202.630039382958785, 4.0 ] } },
{ "type": "Feature", "properties": { "fid": 126, "Id": 126, "Burg": "Vea", "Province": null, "Province Full Name": null, "State": "Vea", "State Full Name": "Vean Free City", "Culture": "Wildlands", "Religion": "Isti", "Population": 1883, "X": 2058.0, "Y": 514.0, "Latitude": 18.22, "Longitude": 112.54, "Elevation (m)": 4, "Capital": "capital", "Port": null, "Citadel": null, "Walls": "walls", "Plaza": "plaza", "Temple": null, "Shanty Town": null, "City Generator Link": "https://watabou.github.io/city-generator/?name=Vea&population=1883&size=17&seed=9799336580126&river=0&coast=0&farms=0&citadel=0&urban_castle=0&hub=false&plaza=1&temple=0&walls=1&shantytown=0&gates=-1", "Valley": "Dusk", "Founded in": 16 }, "geometry": { "type": "Point", "coordinates": [ 6263947.746937504038215, 1018420.736939392401837, 4.0 ] } },
{ "type": "Feature", "properties": { "fid": 127, "Id": 127, "Burg": "Tlida", "Province": null, "Province Full Name": null, "State": "Nateia", "State Full Name": "Tribes of Nateia", "Culture": "Wildlands", "Religion": "Isti", "Population": 5514, "X": 2065.0, "Y": 694.0, "Latitude": -6.91, "Longitude": 113.52, "Elevation (m)": 64, "Capital": "capital", "Port": null, "Citadel": null, "Walls": null, "Plaza": null, "Temple": null, "Shanty Town": null, "City Generator Link": "https://watabou.github.io/city-generator/?name=Tlida&population=5514&size=25&seed=9799336580127&river=0&coast=0&farms=0&citadel=0&urban_castle=0&hub=false&plaza=0&temple=0&walls=0&shantytown=0&gates=-1", "Valley": "Dusk", "Founded in": 50 }, "geometry": { "type": "Point", "coordinates": [ 6318494.297426207922399, -384842.140233165002428, 64.0 ] } },
{ "type": "Feature", "properties": { "fid": 128, "Id": 128, "Burg": "Harruresh", "Province": null, "Province Full Name": null, "State": "Ramid", "State Full Name": "Ramid Chancellery", "Culture": "Noon", "Religion": "Asta", "Population": 12215, "X": 2018.0, "Y": 675.0, "Latitude": -4.26, "Longitude": 106.96, "Elevation (m)": 64, "Capital": "capital", "Port": null, "Citadel": null, "Walls": "walls", "Plaza": "plaza", "Temple": null, "Shanty Town": null, "City Generator Link": "https://watabou.github.io/city-generator/?name=Harruresh&population=12215&size=33&seed=9799336580128&river=1&coast=0&farms=0&citadel=0&urban_castle=0&hub=false&plaza=1&temple=0&walls=1&shantytown=0&gates=-1", "Valley": "Dusk", "Founded in": 48 }, "geometry": { "type": "Point", "coordinates": [ 5953366.367624270729721, -237165.14946426928509, 64.0 ] } },
{ "type": "Feature", "properties": { "fid": 129, "Id": 129, "Burg": "Ubahmia", "Province": null, "Province Full Name": null, "State": "Ubahmia", "State Full Name": "Ubahmian City-state", "Culture": "Noon", "Religion": "Asta", "Population": 3220, "X": 1972.0, "Y": 805.0, "Latitude": -22.41, "Longitude": 100.53, "Elevation (m)": 49, "Capital": "capital", "Port": null, "Citadel": null, "Walls": null, "Plaza": null, "Temple": null, "Shanty Town": null, "City Generator Link": "https://watabou.github.io/city-generator/?name=Ubahmia&population=3220&size=20&seed=9799336580129&river=0&coast=0&farms=0&citadel=0&urban_castle=0&hub=false&plaza=0&temple=0&walls=0&shantytown=0&gates=-1", "Valley": "Dusk", "Founded in": 75 }, "geometry": { "type": "Point", "coordinates": [ 5595474.204723896458745, -1255362.559264845214784, 49.0 ] } },
{ "type": "Feature", "properties": { "fid": 130, "Id": 130, "Burg": "Roparia", "Province": "Day", "Province Full Name": "Valley of the Day", "State": "Roparia", "State Full Name": "Free City of Roparia", "Culture": "Wildlands", "Religion": "Isti", "Population": 219, "X": 1933.0, "Y": 983.0, "Latitude": -47.27, "Longitude": 95.08, "Elevation (m)": 3364, "Capital": "capital", "Port": null, "Citadel": "citadel", "Walls": null, "Plaza": null, "Temple": null, "Shanty Town": null, "City Generator Link": "https://watabou.github.io/city-generator/?name=Roparia&population=219&size=7&seed=9799336580130&river=0&coast=0&farms=0&citadel=1&urban_castle=1&hub=false&plaza=0&temple=0&walls=0&shantytown=0&gates=-1", "Valley": "Day", "Founded in": 93 }, "geometry": { "type": "Point", "coordinates": [ 5292128.592312225140631, -2708993.926692739594728, 3364.0 ] } },
{ "type": "Feature", "properties": { "fid": 131, "Id": 131, "Burg": "Fibeon", "Province": null, "Province Full Name": null, "State": "Tefathosia", "State Full Name": "Tefathosian Tribes", "Culture": "Winds", "Religion": "No religion", "Population": 2202, "X": 1946.0, "Y": 922.0, "Latitude": -38.75, "Longitude": 96.9, "Elevation (m)": 400, "Capital": "capital", "Port": null, "Citadel": "citadel", "Walls": null, "Plaza": null, "Temple": null, "Shanty Town": null, "City Generator Link": "https://watabou.github.io/city-generator/?name=Fibeon&population=2202&size=17&seed=9799336580131&river=0&coast=0&farms=0&citadel=1&urban_castle=0&hub=false&plaza=0&temple=0&walls=0&shantytown=0&gates=-1", "Valley": "Dusk", "Founded in": 86 }, "geometry": { "type": "Point", "coordinates": [ 5393429.328934104181826, -2199136.228272880893201, 400.0 ] } },
{ "type": "Feature", "properties": { "fid": 132, "Id": 132, "Burg": "Shma", "Province": null, "Province Full Name": null, "State": "Shmia", "State Full Name": "Tribes of Shmia", "Culture": "Winds", "Religion": "No religion", "Population": 7157, "X": 1840.0, "Y": 883.0, "Latitude": -33.3, "Longitude": 82.09, "Elevation (m)": 784, "Capital": "capital", "Port": null, "Citadel": null, "Walls": null, "Plaza": null, "Temple": null, "Shanty Town": null, "City Generator Link": "https://watabou.github.io/city-generator/?name=Shma&population=7157&size=27&seed=9799336580132&river=1&coast=0&farms=1&citadel=0&urban_castle=0&hub=false&plaza=0&temple=0&walls=0&shantytown=0&gates=-1", "Valley": "Dusk", "Founded in": 93 }, "geometry": { "type": "Point", "coordinates": [ 4569108.499609913676977, -1880120.729408285580575, 784.0 ] } },
{ "type": "Feature", "properties": { "fid": 133, "Id": 133, "Burg": "Auera", "Province": "Day", "Province Full Name": "Valley of the Day", "State": "Uiar", "State Full Name": "Uiar City-state", "Culture": "Day", "Religion": "No religion", "Population": 3851, "X": 1286.0, "Y": 911.0, "Latitude": -37.21, "Longitude": 4.68, "Elevation (m)": 225, "Capital": "capital", "Port": null, "Citadel": null, "Walls": null, "Plaza": null, "Temple": null, "Shanty Town": null, "City Generator Link": "https://watabou.github.io/city-generator/?name=Auera&population=3851&size=22&seed=9799336580133&river=1&coast=0&farms=1&citadel=0&urban_castle=0&hub=false&plaza=0&temple=0&walls=0&shantytown=0&gates=-1", "Valley": "Day", "Founded in": 161 }, "geometry": { "type": "Point", "coordinates": [ 260487.60845626014634, -2108485.808185219299048, 225.0 ] } },
{ "type": "Feature", "properties": { "fid": 134, "Id": 134, "Burg": "Ieye", "Province": "Day", "Province Full Name": "Valley of the Day", "State": "Eatia", "State Full Name": "Eatian Tribes", "Culture": "Day", "Religion": "No religion", "Population": 13472, "X": 1484.0, "Y": 1218.0, "Latitude": -80.09, "Longitude": 32.35, "Elevation (m)": 25, "Capital": "capital", "Port": null, "Citadel": "citadel", "Walls": null, "Plaza": null, "Temple": null, "Shanty Town": null, "City Generator Link": "https://watabou.github.io/city-generator/?name=Ieye&population=13472&size=35&seed=9799336580134&river=1&coast=0&farms=1&citadel=1&urban_castle=1&hub=false&plaza=0&temple=0&walls=0&shantytown=0&gates=-1", "Valley": "Day", "Founded in": 130 }, "geometry": { "type": "Point", "coordinates": [ 1800592.763581200269982, -4872483.713267062790692, 25.0 ] } },
{ "type": "Feature", "properties": { "fid": 135, "Id": 135, "Burg": "Oatue", "Province": "Day", "Province Full Name": "Valley of the Day", "State": "Oatia", "State Full Name": "City-state of Oatia", "Culture": "Day", "Religion": "No religion", "Population": 8837, "X": 1287.0, "Y": 1188.0, "Latitude": -75.9, "Longitude": 4.82, "Elevation (m)": 25, "Capital": "capital", "Port": null, "Citadel": "citadel", "Walls": null, "Plaza": null, "Temple": null, "Shanty Town": null, "City Generator Link": "https://watabou.github.io/city-generator/?name=Oatue&population=8837&size=30&seed=9799336580135&river=0&coast=0&farms=1&citadel=1&urban_castle=0&hub=false&plaza=0&temple=0&walls=0&shantytown=0&gates=-1", "Valley": "Day", "Founded in": 147 }, "geometry": { "type": "Point", "coordinates": [ 268279.972811789368279, -4572364.895692986436188, 25.0 ] } },
{ "type": "Feature", "properties": { "fid": 136, "Id": 136, "Burg": "Uiaria", "Province": "Day", "Province Full Name": "Valley of the Day", "State": "Uiaria", "State Full Name": "City-state of Uiaria", "Culture": "Day", "Religion": "No religion", "Population": 3869, "X": 1932.0, "Y": 1068.0, "Latitude": -59.14, "Longitude": 94.94, "Elevation (m)": 1024, "Capital": "capital", "Port": null, "Citadel": "citadel", "Walls": null, "Plaza": "plaza", "Temple": null, "Shanty Town": null, "City Generator Link": "https://watabou.github.io/city-generator/?name=Uiaria&population=3869&size=22&seed=9799336580136&river=0&coast=0&farms=0&citadel=1&urban_castle=1&hub=false&plaza=1&temple=0&walls=0&shantytown=0&gates=-1", "Valley": "Day", "Founded in": 99 }, "geometry": { "type": "Point", "coordinates": [ 5284336.227956696413457, -3448396.238877729978412, 1024.0 ] } },
{ "type": "Feature", "properties": { "fid": 137, "Id": 137, "Burg": "Aneroa", "Province": "Day", "Province Full Name": "Valley of the Day", "State": "Aneria", "State Full Name": "Anerian City-state", "Culture": "Day", "Religion": "No religion", "Population": 7157, "X": 1141.0, "Y": 1170.0, "Latitude": -73.38, "Longitude": -15.58, "Elevation (m)": 100, "Capital": "capital", "Port": null, "Citadel": null, "Walls": null, "Plaza": null, "Temple": null, "Shanty Town": null, "City Generator Link": "https://watabou.github.io/city-generator/?name=Aneroa&population=7157&size=27&seed=9799336580137&river=0&coast=0&farms=1&citadel=0&urban_castle=0&hub=false&plaza=0&temple=0&walls=0&shantytown=0&gates=-1", "Valley": "Day", "Founded in": 161 }, "geometry": { "type": "Point", "coordinates": [ -867178.833279601181857, -4395984.422780839726329, 100.0 ] } },
{ "type": "Feature", "properties": { "fid": 138, "Id": 138, "Burg": "Atar", "Province": "Day", "Province Full Name": "Valley of the Day", "State": "Ataria", "State Full Name": "Trade Company of Ataria", "Culture": "Day", "Religion": "No religion", "Population": 4218, "X": 994.0, "Y": 1078.0, "Latitude": -60.54, "Longitude": -36.12, "Elevation (m)": 961, "Capital": "capital", "Port": null, "Citadel": null, "Walls": "walls", "Plaza": null, "Temple": null, "Shanty Town": null, "City Generator Link": "https://watabou.github.io/city-generator/?name=Atar&population=4218&size=22&seed=9799336580138&river=1&coast=0&farms=0&citadel=0&urban_castle=0&hub=false&plaza=0&temple=0&walls=1&shantytown=0&gates=-1", "Valley": "Day", "Founded in": 174 }, "geometry": { "type": "Point", "coordinates": [ -2010430.003726520575583, -3538303.252975889015943, 961.0 ] } },
{ "type": "Feature", "properties": { "fid": 139, "Id": 139, "Burg": "Iinasia", "Province": "Day", "Province Full Name": "Valley of the Day", "State": "Iinasia", "State Full Name": "Iinasian City-state", "Culture": "Day", "Religion": "No religion", "Population": 1873, "X": 1136.0, "Y": 889.0, "Latitude": -34.14, "Longitude": -16.28, "Elevation (m)": 1444, "Capital": "capital", "Port": null, "Citadel": "citadel", "Walls": null, "Plaza": null, "Temple": null, "Shanty Town": null, "City Generator Link": "https://watabou.github.io/city-generator/?name=Iinasia&population=1873&size=16&seed=9799336580139&river=0&coast=0&farms=0&citadel=1&urban_castle=0&hub=false&plaza=0&temple=0&walls=0&shantytown=0&gates=-1", "Valley": "Day", "Founded in": 172 }, "geometry": { "type": "Point", "coordinates": [ -906140.655057246913202, -1928974.975753949023783, 1444.0 ] } },
{ "type": "Feature", "properties": { "fid": 140, "Id": 140, "Burg": "Ouiar", "Province": "Day", "Province Full Name": "Valley of the Day", "State": "Ouiar", "State Full Name": "Ouiar Empire", "Culture": "Day", "Religion": "No religion", "Population": 8527, "X": 1127.0, "Y": 1035.0, "Latitude": -54.53, "Longitude": -17.53, "Elevation (m)": 225, "Capital": "capital", "Port": null, "Citadel": "citadel", "Walls": null, "Plaza": null, "Temple": null, "Shanty Town": null, "City Generator Link": "https://watabou.github.io/city-generator/?name=Ouiar&population=8527&size=29&seed=9799336580140&river=1&coast=0&farms=1&citadel=1&urban_castle=1&hub=false&plaza=0&temple=0&walls=0&shantytown=0&gates=-1", "Valley": "Day", "Founded in": 169 }, "geometry": { "type": "Point", "coordinates": [ -975715.336803042911924, -3156619.18873258586973, 225.0 ] } }
]
}
